/*
SQLyog Community v8.32 
MySQL - 5.5.23 : Database - hms
*********************************************************************
*/

/*!40101 SET NAMES utf8 */;

/*!40101 SET SQL_MODE=''*/;

/*!40014 SET @OLD_UNIQUE_CHECKS=@@UNIQUE_CHECKS, UNIQUE_CHECKS=0 */;
/*!40101 SET @OLD_SQL_MODE=@@SQL_MODE, SQL_MODE='NO_AUTO_VALUE_ON_ZERO' */;
/*!40111 SET @OLD_SQL_NOTES=@@SQL_NOTES, SQL_NOTES=0 */;
CREATE DATABASE /*!32312 IF NOT EXISTS*/`hms` /*!40100 DEFAULT CHARACTER SET utf8 */;

USE `hms`;

/*Table structure for table `accesstoken` */

DROP TABLE IF EXISTS `accesstoken`;

CREATE TABLE `accesstoken` (
  `id` bigint(20) NOT NULL AUTO_INCREMENT,
  `expiry` datetime DEFAULT NULL,
  `token` varchar(255) NOT NULL,
  `user_id` bigint(20) DEFAULT NULL,
  PRIMARY KEY (`id`),
  KEY `FK_dbmb5i9vr5c3myfxhuuk7eo0v` (`user_id`),
  CONSTRAINT `FK_dbmb5i9vr5c3myfxhuuk7eo0v` FOREIGN KEY (`user_id`) REFERENCES `user` (`id`)
) ENGINE=InnoDB DEFAULT CHARSET=utf8;

/*Data for the table `accesstoken` */

/*Table structure for table `blogpost` */

DROP TABLE IF EXISTS `blogpost`;

CREATE TABLE `blogpost` (
  `id` bigint(20) NOT NULL AUTO_INCREMENT,
  `content` varchar(255) DEFAULT NULL,
  `date` datetime DEFAULT NULL,
  PRIMARY KEY (`id`)
) ENGINE=InnoDB DEFAULT CHARSET=utf8;

/*Data for the table `blogpost` */

/*Table structure for table `chapter` */

DROP TABLE IF EXISTS `chapter`;

CREATE TABLE `chapter` (
  `CHAPTER_ID` varchar(255) NOT NULL,
  `CHAPTER_TITLE` varchar(255) DEFAULT NULL,
  `SUBJECT_ID` varchar(255) DEFAULT NULL,
  PRIMARY KEY (`CHAPTER_ID`)
) ENGINE=InnoDB DEFAULT CHARSET=utf8;

/*Data for the table `chapter` */

/*Table structure for table `currentprogressplan` */

DROP TABLE IF EXISTS `currentprogressplan`;

CREATE TABLE `currentprogressplan` (
  `ID` varchar(255) NOT NULL,
  `CREATED_DATE` datetime DEFAULT NULL,
  `CURRENT_PROGRESS` varchar(255) DEFAULT NULL,
  `UPDATAED_DATE` datetime DEFAULT NULL,
  PRIMARY KEY (`ID`)
) ENGINE=InnoDB DEFAULT CHARSET=utf8;

/*Data for the table `currentprogressplan` */

/*Table structure for table `exam` */

DROP TABLE IF EXISTS `exam`;

CREATE TABLE `exam` (
  `ID` varchar(255) NOT NULL,
  `examDate` datetime DEFAULT NULL,
  `marksObtained` float NOT NULL,
  `totalMarks` float NOT NULL,
  `SUBJECT_ID` varchar(255) DEFAULT NULL,
  PRIMARY KEY (`ID`),
  KEY `FK212C3FE7F41A90` (`SUBJECT_ID`),
  CONSTRAINT `FK212C3FE7F41A90` FOREIGN KEY (`SUBJECT_ID`) REFERENCES `subject` (`ID`)
) ENGINE=InnoDB DEFAULT CHARSET=utf8;

/*Data for the table `exam` */

/*Table structure for table `faculty` */

DROP TABLE IF EXISTS `faculty`;

CREATE TABLE `faculty` (
  `ID` varchar(255) NOT NULL,
  `ADDRESS` varchar(255) DEFAULT NULL,
  `CITY` varchar(255) DEFAULT NULL,
  `CREATED_DATE` datetime DEFAULT NULL,
  `facultyExpJson` varchar(255) DEFAULT NULL,
  `facultyQualificationJson` varchar(255) DEFAULT NULL,
  `FIRST_NAME` varchar(255) DEFAULT NULL,
  `GENDER` varchar(255) DEFAULT NULL,
  `IMAGE_PATH` varchar(255) DEFAULT NULL,
  `JOINING_DATE` datetime DEFAULT NULL,
  `LANDLINE_NUMBER` varchar(255) DEFAULT NULL,
  `LAST_NAME` varchar(255) DEFAULT NULL,
  `MOBILE_NUMBER` varchar(255) DEFAULT NULL,
  `PINCODE` bigint(20) DEFAULT NULL,
  `STANDARD_TEACHER_ID` varchar(255) DEFAULT NULL,
  `STATE` varchar(255) DEFAULT NULL,
  `UPDATAED_DATE` datetime DEFAULT NULL,
  `SCHOOL_ID` varchar(255) DEFAULT NULL,
  PRIMARY KEY (`ID`),
  KEY `FKE9B7264428742224` (`SCHOOL_ID`),
  CONSTRAINT `FKE9B7264428742224` FOREIGN KEY (`SCHOOL_ID`) REFERENCES `school` (`ID`)
) ENGINE=InnoDB DEFAULT CHARSET=utf8;

/*Data for the table `faculty` */

insert  into `faculty`(`ID`,`ADDRESS`,`CITY`,`CREATED_DATE`,`facultyExpJson`,`facultyQualificationJson`,`FIRST_NAME`,`GENDER`,`IMAGE_PATH`,`JOINING_DATE`,`LANDLINE_NUMBER`,`LAST_NAME`,`MOBILE_NUMBER`,`PINCODE`,`STANDARD_TEACHER_ID`,`STATE`,`UPDATAED_DATE`,`SCHOOL_ID`) values ('f374e8aa444785eb0144478613e30002',NULL,NULL,'2014-02-19 05:52:42',NULL,NULL,'Geeta','FEMALE',NULL,NULL,NULL,'Sharma',NULL,NULL,NULL,NULL,'2014-02-19 05:52:42','f374e8aa444785eb0144478613bb0001'),('f374e8aa444785eb0144478613e80003',NULL,NULL,'2014-02-19 05:52:42',NULL,NULL,'Sita','FEMALE',NULL,NULL,NULL,'Sharma',NULL,NULL,NULL,NULL,'2014-02-19 05:52:42','f374e8aa444785eb0144478613bb0001'),('f374e8aa444785eb0144478613e80004',NULL,NULL,'2014-02-19 05:52:42',NULL,NULL,'Sohan','MALE',NULL,NULL,NULL,'Sharma',NULL,NULL,NULL,NULL,'2014-02-19 05:52:42','f374e8aa444785eb0144478613bb0001'),('f374e8aa444785eb0144478613e80005',NULL,NULL,'2014-02-19 05:52:42',NULL,NULL,'Mohan','MALE',NULL,NULL,NULL,'Sharma',NULL,NULL,NULL,NULL,'2014-02-19 05:52:42','f374e8aa444785eb0144478613bb0001'),('f374e8aa444785eb0144478613e80006',NULL,NULL,'2014-02-19 05:52:42',NULL,NULL,'Shyam','MALE',NULL,NULL,NULL,'Sharma',NULL,NULL,NULL,NULL,'2014-02-19 05:52:42','f374e8aa444785eb0144478613bb0001'),('f374e8aa444785eb0144478613e80007',NULL,NULL,'2014-02-19 05:52:42',NULL,NULL,'Ram','MALE',NULL,NULL,NULL,'Sharma',NULL,NULL,NULL,NULL,'2014-02-19 05:52:42','f374e8aa444785eb0144478613bb0001'),('f374e8aa44478a8c0144478aa9940002',NULL,NULL,'2014-02-19 05:57:45',NULL,NULL,'Geeta','FEMALE',NULL,NULL,NULL,'Sharma',NULL,NULL,NULL,NULL,'2014-02-19 05:57:45','f374e8aa44478a8c0144478aa9710001'),('f374e8aa44478a8c0144478aa9940003',NULL,NULL,'2014-02-19 05:57:45',NULL,NULL,'Sita','FEMALE',NULL,NULL,NULL,'Sharma',NULL,NULL,NULL,NULL,'2014-02-19 05:57:45','f374e8aa44478a8c0144478aa9710001'),('f374e8aa44478a8c0144478aa9940004',NULL,NULL,'2014-02-19 05:57:45',NULL,NULL,'Sohan','MALE',NULL,NULL,NULL,'Sharma',NULL,NULL,NULL,NULL,'2014-02-19 05:57:45','f374e8aa44478a8c0144478aa9710001'),('f374e8aa44478a8c0144478aa9940005',NULL,NULL,'2014-02-19 05:57:45',NULL,NULL,'Mohan','MALE',NULL,NULL,NULL,'Sharma',NULL,NULL,NULL,NULL,'2014-02-19 05:57:45','f374e8aa44478a8c0144478aa9710001'),('f374e8aa44478a8c0144478aa9940006',NULL,NULL,'2014-02-19 05:57:45',NULL,NULL,'Shyam','MALE',NULL,NULL,NULL,'Sharma',NULL,NULL,NULL,NULL,'2014-02-19 05:57:45','f374e8aa44478a8c0144478aa9710001'),('f374e8aa44478a8c0144478aa9940007',NULL,NULL,'2014-02-19 05:57:45',NULL,NULL,'Ram','MALE',NULL,NULL,NULL,'Sharma',NULL,NULL,NULL,NULL,'2014-02-19 05:57:45','f374e8aa44478a8c0144478aa9710001'),('f374e8aa44478b110144478b2ea40002',NULL,NULL,'2014-02-19 05:58:19',NULL,NULL,'Geeta','FEMALE',NULL,NULL,NULL,'Sharma',NULL,NULL,NULL,NULL,'2014-02-19 05:58:19','f374e8aa44478b110144478b2e860001'),('f374e8aa44478b110144478b2ea40003',NULL,NULL,'2014-02-19 05:58:19',NULL,NULL,'Sita','FEMALE',NULL,NULL,NULL,'Sharma',NULL,NULL,NULL,NULL,'2014-02-19 05:58:19','f374e8aa44478b110144478b2e860001'),('f374e8aa44478b110144478b2ea40004',NULL,NULL,'2014-02-19 05:58:19',NULL,NULL,'Sohan','MALE',NULL,NULL,NULL,'Sharma',NULL,NULL,NULL,NULL,'2014-02-19 05:58:19','f374e8aa44478b110144478b2e860001'),('f374e8aa44478b110144478b2ea40005',NULL,NULL,'2014-02-19 05:58:19',NULL,NULL,'Mohan','MALE',NULL,NULL,NULL,'Sharma',NULL,NULL,NULL,NULL,'2014-02-19 05:58:19','f374e8aa44478b110144478b2e860001'),('f374e8aa44478b110144478b2ea40006',NULL,NULL,'2014-02-19 05:58:19',NULL,NULL,'Shyam','MALE',NULL,NULL,NULL,'Sharma',NULL,NULL,NULL,NULL,'2014-02-19 05:58:19','f374e8aa44478b110144478b2e860001'),('f374e8aa44478b110144478b2ea40007',NULL,NULL,'2014-02-19 05:58:19',NULL,NULL,'Ram','MALE',NULL,NULL,NULL,'Sharma',NULL,NULL,NULL,NULL,'2014-02-19 05:58:19','f374e8aa44478b110144478b2e860001'),('f374e8aa44478c040144478c1c4c0002',NULL,NULL,'2014-02-19 05:59:21',NULL,NULL,'Geeta','FEMALE',NULL,NULL,NULL,'Sharma',NULL,NULL,NULL,NULL,'2014-02-19 05:59:21','f374e8aa44478c040144478c1c240001'),('f374e8aa44478c040144478c1c4c0003',NULL,NULL,'2014-02-19 05:59:21',NULL,NULL,'Sita','FEMALE',NULL,NULL,NULL,'Sharma',NULL,NULL,NULL,NULL,'2014-02-19 05:59:21','f374e8aa44478c040144478c1c240001'),('f374e8aa44478c040144478c1c4c0004',NULL,NULL,'2014-02-19 05:59:21',NULL,NULL,'Sohan','MALE',NULL,NULL,NULL,'Sharma',NULL,NULL,NULL,NULL,'2014-02-19 05:59:21','f374e8aa44478c040144478c1c240001'),('f374e8aa44478c040144478c1c4c0005',NULL,NULL,'2014-02-19 05:59:21',NULL,NULL,'Mohan','MALE',NULL,NULL,NULL,'Sharma',NULL,NULL,NULL,NULL,'2014-02-19 05:59:21','f374e8aa44478c040144478c1c240001'),('f374e8aa44478c040144478c1c4c0006',NULL,NULL,'2014-02-19 05:59:21',NULL,NULL,'Shyam','MALE',NULL,NULL,NULL,'Sharma',NULL,NULL,NULL,NULL,'2014-02-19 05:59:21','f374e8aa44478c040144478c1c240001'),('f374e8aa44478c040144478c1c4c0007',NULL,NULL,'2014-02-19 05:59:21',NULL,NULL,'Ram','MALE',NULL,NULL,NULL,'Sharma',NULL,NULL,NULL,NULL,'2014-02-19 05:59:21','f374e8aa44478c040144478c1c240001'),('f374e8aa44478cd20144478ce53c0002',NULL,NULL,'2014-02-19 06:00:14',NULL,NULL,'Geeta','FEMALE',NULL,NULL,NULL,'Sharma',NULL,NULL,NULL,NULL,'2014-02-19 06:00:14','f374e8aa44478cd20144478ce51e0001'),('f374e8aa44478cd20144478ce53c0003',NULL,NULL,'2014-02-19 06:00:14',NULL,NULL,'Sita','FEMALE',NULL,NULL,NULL,'Sharma',NULL,NULL,NULL,NULL,'2014-02-19 06:00:14','f374e8aa44478cd20144478ce51e0001'),('f374e8aa44478cd20144478ce53c0004',NULL,NULL,'2014-02-19 06:00:14',NULL,NULL,'Sohan','MALE',NULL,NULL,NULL,'Sharma',NULL,NULL,NULL,NULL,'2014-02-19 06:00:14','f374e8aa44478cd20144478ce51e0001'),('f374e8aa44478cd20144478ce5410005',NULL,NULL,'2014-02-19 06:00:14',NULL,NULL,'Mohan','MALE',NULL,NULL,NULL,'Sharma',NULL,NULL,NULL,NULL,'2014-02-19 06:00:14','f374e8aa44478cd20144478ce51e0001'),('f374e8aa44478cd20144478ce5410006',NULL,NULL,'2014-02-19 06:00:14',NULL,NULL,'Shyam','MALE',NULL,NULL,NULL,'Sharma',NULL,NULL,NULL,NULL,'2014-02-19 06:00:14','f374e8aa44478cd20144478ce51e0001'),('f374e8aa44478cd20144478ce5410007',NULL,NULL,'2014-02-19 06:00:14',NULL,NULL,'Ram','MALE',NULL,NULL,NULL,'Sharma',NULL,NULL,NULL,NULL,'2014-02-19 06:00:14','f374e8aa44478cd20144478ce51e0001'),('f374e8aa44478d4a0144478d623d0002',NULL,NULL,'2014-02-19 06:00:45',NULL,NULL,'Geeta','FEMALE',NULL,NULL,NULL,'Sharma',NULL,NULL,NULL,NULL,'2014-02-19 06:00:45','f374e8aa44478d4a0144478d6464004f'),('f374e8aa44478d4a0144478d623d0003',NULL,NULL,'2014-02-19 06:00:45',NULL,NULL,'Sita','FEMALE',NULL,NULL,NULL,'Sharma',NULL,NULL,NULL,NULL,'2014-02-19 06:00:45','f374e8aa44478d4a0144478d6464004f'),('f374e8aa44478d4a0144478d623d0004',NULL,NULL,'2014-02-19 06:00:45',NULL,NULL,'Sohan','MALE',NULL,NULL,NULL,'Sharma',NULL,NULL,NULL,NULL,'2014-02-19 06:00:45','f374e8aa44478d4a0144478d6464004f'),('f374e8aa44478d4a0144478d623d0005',NULL,NULL,'2014-02-19 06:00:45',NULL,NULL,'Mohan','MALE',NULL,NULL,NULL,'Sharma',NULL,NULL,NULL,NULL,'2014-02-19 06:00:45','f374e8aa44478d4a0144478d6464004f'),('f374e8aa44478d4a0144478d623d0006',NULL,NULL,'2014-02-19 06:00:45',NULL,NULL,'Shyam','MALE',NULL,NULL,NULL,'Sharma',NULL,NULL,NULL,NULL,'2014-02-19 06:00:45','f374e8aa44478d4a0144478d6464004f'),('f374e8aa44478d4a0144478d623d0007',NULL,NULL,'2014-02-19 06:00:45',NULL,NULL,'Ram','MALE',NULL,NULL,NULL,'Sharma',NULL,NULL,NULL,NULL,'2014-02-19 06:00:45','f374e8aa44478d4a0144478d6464004f'),('f374e8aa44478d9f0144478db5e70002',NULL,NULL,'2014-02-19 06:01:07',NULL,NULL,'Geeta','FEMALE',NULL,NULL,NULL,'Sharma',NULL,NULL,NULL,NULL,'2014-02-19 06:01:07','f374e8aa44478d9f0144478db861004f'),('f374e8aa44478d9f0144478db5e70003',NULL,NULL,'2014-02-19 06:01:07',NULL,NULL,'Sita','FEMALE',NULL,NULL,NULL,'Sharma',NULL,NULL,NULL,NULL,'2014-02-19 06:01:07','f374e8aa44478d9f0144478db861004f'),('f374e8aa44478d9f0144478db5e70004',NULL,NULL,'2014-02-19 06:01:07',NULL,NULL,'Sohan','MALE',NULL,NULL,NULL,'Sharma',NULL,NULL,NULL,NULL,'2014-02-19 06:01:07','f374e8aa44478d9f0144478db861004f'),('f374e8aa44478d9f0144478db5e70005',NULL,NULL,'2014-02-19 06:01:07',NULL,NULL,'Mohan','MALE',NULL,NULL,NULL,'Sharma',NULL,NULL,NULL,NULL,'2014-02-19 06:01:07','f374e8aa44478d9f0144478db861004f'),('f374e8aa44478d9f0144478db5e70006',NULL,NULL,'2014-02-19 06:01:07',NULL,NULL,'Shyam','MALE',NULL,NULL,NULL,'Sharma',NULL,NULL,NULL,NULL,'2014-02-19 06:01:07','f374e8aa44478d9f0144478db861004f'),('f374e8aa44478d9f0144478db5e70007',NULL,NULL,'2014-02-19 06:01:07',NULL,NULL,'Ram','MALE',NULL,NULL,NULL,'Sharma',NULL,NULL,NULL,NULL,'2014-02-19 06:01:07','f374e8aa44478d9f0144478db861004f'),('f374e8aa44478e350144478e45910002',NULL,NULL,'2014-02-19 06:01:45',NULL,NULL,'Geeta','FEMALE',NULL,NULL,NULL,'Sharma',NULL,NULL,NULL,NULL,'2014-02-19 06:01:45','f374e8aa44478e350144478e45730001'),('f374e8aa44478e350144478e45910003',NULL,NULL,'2014-02-19 06:01:45',NULL,NULL,'Sita','FEMALE',NULL,NULL,NULL,'Sharma',NULL,NULL,NULL,NULL,'2014-02-19 06:01:45','f374e8aa44478e350144478e45730001'),('f374e8aa44478e350144478e45910004',NULL,NULL,'2014-02-19 06:01:45',NULL,NULL,'Sohan','MALE',NULL,NULL,NULL,'Sharma',NULL,NULL,NULL,NULL,'2014-02-19 06:01:45','f374e8aa44478e350144478e45730001'),('f374e8aa44478e350144478e45910005',NULL,NULL,'2014-02-19 06:01:45',NULL,NULL,'Mohan','MALE',NULL,NULL,NULL,'Sharma',NULL,NULL,NULL,NULL,'2014-02-19 06:01:45','f374e8aa44478e350144478e45730001'),('f374e8aa44478e350144478e45910006',NULL,NULL,'2014-02-19 06:01:45',NULL,NULL,'Shyam','MALE',NULL,NULL,NULL,'Sharma',NULL,NULL,NULL,NULL,'2014-02-19 06:01:45','f374e8aa44478e350144478e45730001'),('f374e8aa44478e350144478e45960007',NULL,NULL,'2014-02-19 06:01:45',NULL,NULL,'Ram','MALE',NULL,NULL,NULL,'Sharma',NULL,NULL,NULL,NULL,'2014-02-19 06:01:45','f374e8aa44478e350144478e45730001');

/*Table structure for table `homework` */

DROP TABLE IF EXISTS `homework`;

CREATE TABLE `homework` (
  `_ID` varchar(255) NOT NULL,
  `CREATE_ON` datetime DEFAULT NULL,
  `DESCRIPTION` longtext NOT NULL,
  `HOMEWORK_JSON` longtext,
  `PRIORITY` varchar(1) NOT NULL,
  `START_DATE` date NOT NULL,
  `STATUS` varchar(1) NOT NULL,
  `SUBJECT_TITLE` varchar(255) DEFAULT NULL,
  `SUBMISSION_DATE` date NOT NULL,
  `UPDATED_ON` datetime DEFAULT NULL,
  `FACULTY_ID` varchar(255) NOT NULL,
  `STUDENT_ID` varchar(255) NOT NULL,
  `HOMEWORK_ID` varchar(255) NOT NULL,
  `TEACHER_ID` varchar(255) NOT NULL,
  PRIMARY KEY (`_ID`),
  KEY `FK11BB2470D3CB6F90` (`FACULTY_ID`),
  KEY `FK11BB2470CBEFCC30` (`STUDENT_ID`),
  CONSTRAINT `FK11BB2470CBEFCC30` FOREIGN KEY (`STUDENT_ID`) REFERENCES `student` (`ID`),
  CONSTRAINT `FK11BB2470D3CB6F90` FOREIGN KEY (`FACULTY_ID`) REFERENCES `faculty` (`ID`)
) ENGINE=InnoDB DEFAULT CHARSET=utf8;

/*Data for the table `homework` */

/*Table structure for table `homework_question` */

DROP TABLE IF EXISTS `homework_question`;

CREATE TABLE `homework_question` (
  `homework_HOMEWORK_ID` varchar(255) NOT NULL,
  `questionList_QUESTION_ID` varchar(255) NOT NULL,
  KEY `FKD33C36D5FECD8A85` (`questionList_QUESTION_ID`),
  CONSTRAINT `FKD33C36D5FECD8A85` FOREIGN KEY (`questionList_QUESTION_ID`) REFERENCES `question` (`QUESTION_ID`)
) ENGINE=InnoDB DEFAULT CHARSET=utf8;

/*Data for the table `homework_question` */

/*Table structure for table `projectedprogressplan` */

DROP TABLE IF EXISTS `projectedprogressplan`;

CREATE TABLE `projectedprogressplan` (
  `ID` varchar(255) NOT NULL,
  `projectProgressPlanJson` varchar(255) DEFAULT NULL,
  PRIMARY KEY (`ID`)
) ENGINE=InnoDB DEFAULT CHARSET=utf8;

/*Data for the table `projectedprogressplan` */

/*Table structure for table `question` */

DROP TABLE IF EXISTS `question`;

CREATE TABLE `question` (
  `QUESTION_ID` varchar(255) NOT NULL,
  `QUESTION_NUMBER` varchar(255) DEFAULT NULL,
  `QUESTION_TITLE` varchar(255) DEFAULT NULL,
  `SECTION_ID` varchar(255) DEFAULT NULL,
  PRIMARY KEY (`QUESTION_ID`),
  KEY `FKE9282BE64982F214` (`SECTION_ID`),
  CONSTRAINT `FKE9282BE64982F214` FOREIGN KEY (`SECTION_ID`) REFERENCES `section` (`SECTION_ID`)
) ENGINE=InnoDB DEFAULT CHARSET=utf8;

/*Data for the table `question` */

/*Table structure for table `school` */

DROP TABLE IF EXISTS `school`;

CREATE TABLE `school` (
  `ID` varchar(255) NOT NULL,
  `ADDRESS` varchar(255) DEFAULT NULL,
  `BACKGROUND_IMAGE_PATH` varchar(255) DEFAULT NULL,
  `CITY` varchar(255) DEFAULT NULL,
  `CREATED_DATE` datetime DEFAULT NULL,
  `LANDLINE_NUMBER` varchar(255) DEFAULT NULL,
  `LOGO_PATH` varchar(255) DEFAULT NULL,
  `MOBILE_NUMBER` varchar(255) DEFAULT NULL,
  `PINCODE` bigint(20) DEFAULT NULL,
  `TITLE` varchar(3000) DEFAULT NULL,
  `TYPE` varchar(255) DEFAULT NULL,
  `STATE` varchar(255) DEFAULT NULL,
  `DATE` date DEFAULT NULL,
  `SUBSCRIPTION_TYPE` varchar(255) DEFAULT NULL,
  `UPDATED_DATE` datetime DEFAULT NULL,
  PRIMARY KEY (`ID`)
) ENGINE=InnoDB DEFAULT CHARSET=utf8;

/*Data for the table `school` */

insert  into `school`(`ID`,`ADDRESS`,`BACKGROUND_IMAGE_PATH`,`CITY`,`CREATED_DATE`,`LANDLINE_NUMBER`,`LOGO_PATH`,`MOBILE_NUMBER`,`PINCODE`,`TITLE`,`TYPE`,`STATE`,`DATE`,`SUBSCRIPTION_TYPE`,`UPDATED_DATE`) values ('f374e8aa444785eb0144478613bb0001',NULL,NULL,NULL,NULL,NULL,NULL,NULL,NULL,'Tagore Public school','METRIC',NULL,NULL,NULL,NULL),('f374e8aa44478a8c0144478aa9710001',NULL,NULL,NULL,NULL,NULL,NULL,NULL,NULL,'Tagore Public school','METRIC',NULL,NULL,NULL,NULL),('f374e8aa44478b110144478b2e860001',NULL,NULL,NULL,NULL,NULL,NULL,NULL,NULL,'Tagore Public school','METRIC',NULL,NULL,NULL,NULL),('f374e8aa44478c040144478c1c240001',NULL,NULL,NULL,NULL,NULL,NULL,NULL,NULL,'Tagore Public school','METRIC',NULL,NULL,NULL,NULL),('f374e8aa44478cd20144478ce51e0001',NULL,NULL,'NEw Delhi',NULL,'011-22040619',NULL,NULL,NULL,'Tagore Public school','METRIC',NULL,NULL,NULL,NULL),('f374e8aa44478d4a0144478d621f0001',NULL,NULL,NULL,NULL,NULL,NULL,NULL,NULL,'Tagore Public school','METRIC',NULL,NULL,NULL,NULL),('f374e8aa44478d4a0144478d6464004f',NULL,NULL,'NEw Delhi',NULL,'011-22040619',NULL,NULL,NULL,'Tagore Public school','METRIC',NULL,NULL,NULL,NULL),('f374e8aa44478d9f0144478db5c40001',NULL,NULL,NULL,NULL,NULL,NULL,NULL,NULL,'Tagore Public school','METRIC',NULL,NULL,NULL,NULL),('f374e8aa44478d9f0144478db861004f',NULL,NULL,'NEw Delhi',NULL,'011-22040619',NULL,NULL,NULL,'Tagore Public school','METRIC',NULL,NULL,NULL,NULL),('f374e8aa44478e350144478e45730001',NULL,NULL,NULL,NULL,NULL,NULL,NULL,NULL,'Tagore Public school','METRIC',NULL,NULL,NULL,NULL);

/*Table structure for table `section` */

DROP TABLE IF EXISTS `section`;

CREATE TABLE `section` (
  `SECTION_ID` varchar(255) NOT NULL,
  `NUMBER_OF_QUESTIONS` int(11) DEFAULT NULL,
  `SECTION_TITLE` varchar(255) DEFAULT NULL,
  `CHAPTER_ID` varchar(255) DEFAULT NULL,
  `SUB_SECTION_ID` varchar(255) DEFAULT NULL,
  PRIMARY KEY (`SECTION_ID`),
  KEY `FKA03B0AC5E7351914` (`CHAPTER_ID`),
  KEY `FKA03B0AC5F4E62173` (`SUB_SECTION_ID`),
  CONSTRAINT `FKA03B0AC5E7351914` FOREIGN KEY (`CHAPTER_ID`) REFERENCES `chapter` (`CHAPTER_ID`),
  CONSTRAINT `FKA03B0AC5F4E62173` FOREIGN KEY (`SUB_SECTION_ID`) REFERENCES `section` (`SECTION_ID`)
) ENGINE=InnoDB DEFAULT CHARSET=utf8;

/*Data for the table `section` */

/*Table structure for table `standard` */

DROP TABLE IF EXISTS `standard`;

CREATE TABLE `standard` (
  `ID` varchar(255) NOT NULL,
  `CLASS_CODE` varchar(255) DEFAULT NULL,
  `CLASS_SECTION` varchar(255) DEFAULT NULL,
  `CREATED_DATE` datetime DEFAULT NULL,
  `remarks` varchar(3000) DEFAULT NULL,
  `STREAM` varchar(255) DEFAULT NULL,
  `UPDATED_DATE` datetime DEFAULT NULL,
  `SCHOOL_ID` varchar(255) DEFAULT NULL,
  PRIMARY KEY (`ID`),
  UNIQUE KEY `CLASS_CODE` (`CLASS_CODE`,`CLASS_SECTION`,`SCHOOL_ID`),
  UNIQUE KEY `UK_ds85pop4n7qjr9poelavg4ppu` (`CLASS_CODE`,`CLASS_SECTION`,`SCHOOL_ID`),
  KEY `FK7CE30EBD28742224` (`SCHOOL_ID`),
  CONSTRAINT `FK7CE30EBD28742224` FOREIGN KEY (`SCHOOL_ID`) REFERENCES `school` (`ID`)
) ENGINE=InnoDB DEFAULT CHARSET=utf8;

/*Data for the table `standard` */

insert  into `standard`(`ID`,`CLASS_CODE`,`CLASS_SECTION`,`CREATED_DATE`,`remarks`,`STREAM`,`UPDATED_DATE`,`SCHOOL_ID`) values ('f374e8aa444785eb0144478613e80008','XI','A','2014-02-19 05:52:42',NULL,'GENERAL','2014-02-19 05:52:42','f374e8aa444785eb0144478613bb0001'),('f374e8aa444785eb014447861410004e','XI','B','2014-02-19 05:52:42',NULL,'GENERAL','2014-02-19 05:52:42','f374e8aa444785eb0144478613bb0001'),('f374e8aa44478a8c0144478aa9940008','XI','A','2014-02-19 05:57:45',NULL,'GENERAL','2014-02-19 05:57:45','f374e8aa44478a8c0144478aa9710001'),('f374e8aa44478a8c0144478aa9b7004e','XI','B','2014-02-19 05:57:45',NULL,'GENERAL','2014-02-19 05:57:45','f374e8aa44478a8c0144478aa9710001'),('f374e8aa44478b110144478b2ea40008','XI','A','2014-02-19 05:58:19',NULL,'GENERAL','2014-02-19 05:58:19','f374e8aa44478b110144478b2e860001'),('f374e8aa44478b110144478b2ebd004e','XI','B','2014-02-19 05:58:19',NULL,'GENERAL','2014-02-19 05:58:19','f374e8aa44478b110144478b2e860001'),('f374e8aa44478c040144478c1c4c0008','XI','A','2014-02-19 05:59:21',NULL,'GENERAL','2014-02-19 05:59:21','f374e8aa44478c040144478c1c240001'),('f374e8aa44478c040144478c1c6a004e','XI','B','2014-02-19 05:59:21',NULL,'GENERAL','2014-02-19 05:59:21','f374e8aa44478c040144478c1c240001'),('f374e8aa44478cd20144478ce5410008','XI','A','2014-02-19 06:00:14',NULL,'GENERAL','2014-02-19 06:00:14','f374e8aa44478cd20144478ce51e0001'),('f374e8aa44478cd20144478ce55f004e','XI','B','2014-02-19 06:00:14',NULL,'GENERAL','2014-02-19 06:00:14','f374e8aa44478cd20144478ce51e0001'),('f374e8aa44478d4a0144478d623d0008','XI','A','2014-02-19 06:00:45',NULL,'GENERAL','2014-02-19 06:00:45','f374e8aa44478d4a0144478d6464004f'),('f374e8aa44478d4a0144478d6251004e','XI','B','2014-02-19 06:00:45',NULL,'GENERAL','2014-02-19 06:00:45','f374e8aa44478d4a0144478d6464004f'),('f374e8aa44478d9f0144478db5e70008','XI','A','2014-02-19 06:01:07',NULL,'GENERAL','2014-02-19 06:01:07','f374e8aa44478d9f0144478db861004f'),('f374e8aa44478d9f0144478db605004e','XI','B','2014-02-19 06:01:07',NULL,'GENERAL','2014-02-19 06:01:07','f374e8aa44478d9f0144478db861004f'),('f374e8aa44478e350144478e45960008','XI','A','2014-02-19 06:01:45',NULL,'GENERAL','2014-02-19 06:01:45','f374e8aa44478e350144478e45730001'),('f374e8aa44478e350144478e45af004e','XI','B','2014-02-19 06:01:45',NULL,'GENERAL','2014-02-19 06:01:45','f374e8aa44478e350144478e45730001');

/*Table structure for table `standard_faculty` */

DROP TABLE IF EXISTS `standard_faculty`;

CREATE TABLE `standard_faculty` (
  `standardList_ID` varchar(255) NOT NULL,
  `faculty_ID` varchar(255) NOT NULL,
  KEY `FK94C1CEC2C6973826` (`standardList_ID`),
  KEY `FK94C1CEC2D3CB6F90` (`faculty_ID`),
  CONSTRAINT `FK94C1CEC2C6973826` FOREIGN KEY (`standardList_ID`) REFERENCES `standard` (`ID`),
  CONSTRAINT `FK94C1CEC2D3CB6F90` FOREIGN KEY (`faculty_ID`) REFERENCES `faculty` (`ID`)
) ENGINE=InnoDB DEFAULT CHARSET=utf8;

/*Data for the table `standard_faculty` */

insert  into `standard_faculty`(`standardList_ID`,`faculty_ID`) values ('f374e8aa444785eb0144478613e80008','f374e8aa444785eb0144478613e30002'),('f374e8aa444785eb0144478613e80008','f374e8aa444785eb0144478613e80003'),('f374e8aa444785eb0144478613e80008','f374e8aa444785eb0144478613e80004'),('f374e8aa444785eb0144478613e80008','f374e8aa444785eb0144478613e80005'),('f374e8aa444785eb0144478613e80008','f374e8aa444785eb0144478613e80006'),('f374e8aa444785eb0144478613e80008','f374e8aa444785eb0144478613e80007'),('f374e8aa44478a8c0144478aa9940008','f374e8aa44478a8c0144478aa9940002'),('f374e8aa44478a8c0144478aa9940008','f374e8aa44478a8c0144478aa9940003'),('f374e8aa44478a8c0144478aa9940008','f374e8aa44478a8c0144478aa9940004'),('f374e8aa44478a8c0144478aa9940008','f374e8aa44478a8c0144478aa9940005'),('f374e8aa44478a8c0144478aa9940008','f374e8aa44478a8c0144478aa9940006'),('f374e8aa44478a8c0144478aa9940008','f374e8aa44478a8c0144478aa9940007'),('f374e8aa44478b110144478b2ea40008','f374e8aa44478b110144478b2ea40002'),('f374e8aa44478b110144478b2ea40008','f374e8aa44478b110144478b2ea40003'),('f374e8aa44478b110144478b2ea40008','f374e8aa44478b110144478b2ea40004'),('f374e8aa44478b110144478b2ea40008','f374e8aa44478b110144478b2ea40005'),('f374e8aa44478b110144478b2ea40008','f374e8aa44478b110144478b2ea40006'),('f374e8aa44478b110144478b2ea40008','f374e8aa44478b110144478b2ea40007'),('f374e8aa44478c040144478c1c4c0008','f374e8aa44478c040144478c1c4c0002'),('f374e8aa44478c040144478c1c4c0008','f374e8aa44478c040144478c1c4c0003'),('f374e8aa44478c040144478c1c4c0008','f374e8aa44478c040144478c1c4c0004'),('f374e8aa44478c040144478c1c4c0008','f374e8aa44478c040144478c1c4c0005'),('f374e8aa44478c040144478c1c4c0008','f374e8aa44478c040144478c1c4c0006'),('f374e8aa44478c040144478c1c4c0008','f374e8aa44478c040144478c1c4c0007'),('f374e8aa44478cd20144478ce5410008','f374e8aa44478cd20144478ce53c0002'),('f374e8aa44478cd20144478ce5410008','f374e8aa44478cd20144478ce53c0003'),('f374e8aa44478cd20144478ce5410008','f374e8aa44478cd20144478ce53c0004'),('f374e8aa44478cd20144478ce5410008','f374e8aa44478cd20144478ce5410005'),('f374e8aa44478cd20144478ce5410008','f374e8aa44478cd20144478ce5410006'),('f374e8aa44478cd20144478ce5410008','f374e8aa44478cd20144478ce5410007'),('f374e8aa44478d4a0144478d623d0008','f374e8aa44478d4a0144478d623d0002'),('f374e8aa44478d4a0144478d623d0008','f374e8aa44478d4a0144478d623d0003'),('f374e8aa44478d4a0144478d623d0008','f374e8aa44478d4a0144478d623d0004'),('f374e8aa44478d4a0144478d623d0008','f374e8aa44478d4a0144478d623d0005'),('f374e8aa44478d4a0144478d623d0008','f374e8aa44478d4a0144478d623d0006'),('f374e8aa44478d4a0144478d623d0008','f374e8aa44478d4a0144478d623d0007'),('f374e8aa44478d9f0144478db5e70008','f374e8aa44478d9f0144478db5e70002'),('f374e8aa44478d9f0144478db5e70008','f374e8aa44478d9f0144478db5e70003'),('f374e8aa44478d9f0144478db5e70008','f374e8aa44478d9f0144478db5e70004'),('f374e8aa44478d9f0144478db5e70008','f374e8aa44478d9f0144478db5e70005'),('f374e8aa44478d9f0144478db5e70008','f374e8aa44478d9f0144478db5e70006'),('f374e8aa44478d9f0144478db5e70008','f374e8aa44478d9f0144478db5e70007'),('f374e8aa44478e350144478e45960008','f374e8aa44478e350144478e45910002'),('f374e8aa44478e350144478e45960008','f374e8aa44478e350144478e45910003'),('f374e8aa44478e350144478e45960008','f374e8aa44478e350144478e45910004'),('f374e8aa44478e350144478e45960008','f374e8aa44478e350144478e45910005'),('f374e8aa44478e350144478e45960008','f374e8aa44478e350144478e45910006'),('f374e8aa44478e350144478e45960008','f374e8aa44478e350144478e45960007');

/*Table structure for table `student` */

DROP TABLE IF EXISTS `student`;

CREATE TABLE `student` (
  `ID` varchar(255) NOT NULL,
  `ADDRESS` varchar(255) DEFAULT NULL,
  `CITY` varchar(255) DEFAULT NULL,
  `FIRST_NAME` varchar(255) DEFAULT NULL,
  `GUARDIAN_NAME` varchar(255) DEFAULT NULL,
  `IMAGE_PATH` varchar(255) DEFAULT NULL,
  `LANDLINE_NUMBER` varchar(255) DEFAULT NULL,
  `LAST_NAME` varchar(255) DEFAULT NULL,
  `MOBILE_NUMBER` varchar(255) DEFAULT NULL,
  `PINCODE` bigint(20) DEFAULT NULL,
  `STATE` varchar(255) DEFAULT NULL,
  `STANDARD_ID` varchar(255) DEFAULT NULL,
  PRIMARY KEY (`ID`),
  KEY `FKBACA0E1BBEB8DF04` (`STANDARD_ID`),
  CONSTRAINT `FKBACA0E1BBEB8DF04` FOREIGN KEY (`STANDARD_ID`) REFERENCES `standard` (`ID`)
) ENGINE=InnoDB DEFAULT CHARSET=utf8;

/*Data for the table `student` */

insert  into `student`(`ID`,`ADDRESS`,`CITY`,`FIRST_NAME`,`GUARDIAN_NAME`,`IMAGE_PATH`,`LANDLINE_NUMBER`,`LAST_NAME`,`MOBILE_NUMBER`,`PINCODE`,`STATE`,`STANDARD_ID`) values ('f374e8aa444785eb0144478613e80009','Green fields Colony','New Delhi','Student_1_1',NULL,NULL,NULL,'LastName_1','9971156315',120003,NULL,'f374e8aa444785eb0144478613e80008'),('f374e8aa444785eb0144478613e8000e','Green fields Colony','New Delhi','Student_2_2',NULL,NULL,NULL,'LastName_2','9971156315',120003,NULL,'f374e8aa444785eb0144478613e80008'),('f374e8aa444785eb0144478613ed0012','Green fields Colony','New Delhi','Student_3_3',NULL,NULL,NULL,'LastName_3','9971156315',120003,NULL,'f374e8aa444785eb0144478613e80008'),('f374e8aa444785eb0144478613ed0016','Green fields Colony','New Delhi','Student_4_4',NULL,NULL,NULL,'LastName_4','9971156315',120003,NULL,'f374e8aa444785eb0144478613e80008'),('f374e8aa444785eb0144478613ed0019','Green fields Colony','New Delhi','Student_5_5',NULL,NULL,NULL,'LastName_5','9971156315',120003,NULL,'f374e8aa444785eb0144478613e80008'),('f374e8aa444785eb0144478613f2001d','Green fields Colony','New Delhi','Student_6_6',NULL,NULL,NULL,'LastName_6','9971156315',120003,NULL,'f374e8aa444785eb0144478613e80008'),('f374e8aa444785eb0144478613f20022','Green fields Colony','New Delhi','Student_7_7',NULL,NULL,NULL,'LastName_7','9971156315',120003,NULL,'f374e8aa444785eb0144478613e80008'),('f374e8aa444785eb0144478613f20023','Green fields Colony','New Delhi','Student_8_8',NULL,NULL,NULL,'LastName_8','9971156315',120003,NULL,'f374e8aa444785eb0144478613e80008'),('f374e8aa444785eb0144478613f20024','Green fields Colony','New Delhi','Student_9_9',NULL,NULL,NULL,'LastName_9','9971156315',120003,NULL,'f374e8aa444785eb0144478613e80008'),('f374e8aa444785eb0144478613f20025','Green fields Colony','New Delhi','Student_10_10',NULL,NULL,NULL,'LastName_10','9971156315',120003,NULL,'f374e8aa444785eb0144478613e80008'),('f374e8aa444785eb0144478613f70026','Green fields Colony','New Delhi','Student_11_11',NULL,NULL,NULL,'LastName_11','9971156315',120003,NULL,'f374e8aa444785eb0144478613e80008'),('f374e8aa444785eb0144478613f70027','Green fields Colony','New Delhi','Student_12_12',NULL,NULL,NULL,'LastName_12','9971156315',120003,NULL,'f374e8aa444785eb0144478613e80008'),('f374e8aa444785eb0144478613f70028','Green fields Colony','New Delhi','Student_13_13',NULL,NULL,NULL,'LastName_13','9971156315',120003,NULL,'f374e8aa444785eb0144478613e80008'),('f374e8aa444785eb0144478613f70029','Green fields Colony','New Delhi','Student_14_14',NULL,NULL,NULL,'LastName_14','9971156315',120003,NULL,'f374e8aa444785eb0144478613e80008'),('f374e8aa444785eb0144478613f7002a','Green fields Colony','New Delhi','Student_15_15',NULL,NULL,NULL,'LastName_15','9971156315',120003,NULL,'f374e8aa444785eb0144478613e80008'),('f374e8aa444785eb0144478613f7002b','Green fields Colony','New Delhi','Student_16_16',NULL,NULL,NULL,'LastName_16','9971156315',120003,NULL,'f374e8aa444785eb0144478613e80008'),('f374e8aa444785eb0144478613f7002c','Green fields Colony','New Delhi','Student_17_17',NULL,NULL,NULL,'LastName_17','9971156315',120003,NULL,'f374e8aa444785eb0144478613e80008'),('f374e8aa444785eb0144478613f7002d','Green fields Colony','New Delhi','Student_18_18',NULL,NULL,NULL,'LastName_18','9971156315',120003,NULL,'f374e8aa444785eb0144478613e80008'),('f374e8aa444785eb0144478613fc002e','Green fields Colony','New Delhi','Student_19_19',NULL,NULL,NULL,'LastName_19','9971156315',120003,NULL,'f374e8aa444785eb0144478613e80008'),('f374e8aa444785eb0144478613fc002f','Green fields Colony','New Delhi','Student_20_20',NULL,NULL,NULL,'LastName_20','9971156315',120003,NULL,'f374e8aa444785eb0144478613e80008'),('f374e8aa444785eb0144478613fc0030','Green fields Colony','New Delhi','Student_21_21',NULL,NULL,NULL,'LastName_21','9971156315',120003,NULL,'f374e8aa444785eb0144478613e80008'),('f374e8aa444785eb0144478613fc0031','Green fields Colony','New Delhi','Student_22_22',NULL,NULL,NULL,'LastName_22','9971156315',120003,NULL,'f374e8aa444785eb0144478613e80008'),('f374e8aa444785eb0144478613fc0032','Green fields Colony','New Delhi','Student_23_23',NULL,NULL,NULL,'LastName_23','9971156315',120003,NULL,'f374e8aa444785eb0144478613e80008'),('f374e8aa444785eb0144478613fc0033','Green fields Colony','New Delhi','Student_24_24',NULL,NULL,NULL,'LastName_24','9971156315',120003,NULL,'f374e8aa444785eb0144478613e80008'),('f374e8aa444785eb0144478613fc0034','Green fields Colony','New Delhi','Student_25_25',NULL,NULL,NULL,'LastName_25','9971156315',120003,NULL,'f374e8aa444785eb0144478613e80008'),('f374e8aa444785eb0144478613fc0035','Green fields Colony','New Delhi','Student_26_26',NULL,NULL,NULL,'LastName_26','9971156315',120003,NULL,'f374e8aa444785eb0144478613e80008'),('f374e8aa444785eb0144478613fc0036','Green fields Colony','New Delhi','Student_27_27',NULL,NULL,NULL,'LastName_27','9971156315',120003,NULL,'f374e8aa444785eb0144478613e80008'),('f374e8aa444785eb0144478614010037','Green fields Colony','New Delhi','Student_28_28',NULL,NULL,NULL,'LastName_28','9971156315',120003,NULL,'f374e8aa444785eb0144478613e80008'),('f374e8aa444785eb0144478614010038','Green fields Colony','New Delhi','Student_29_29',NULL,NULL,NULL,'LastName_29','9971156315',120003,NULL,'f374e8aa444785eb0144478613e80008'),('f374e8aa444785eb0144478614010039','Green fields Colony','New Delhi','Student_30_30',NULL,NULL,NULL,'LastName_30','9971156315',120003,NULL,'f374e8aa444785eb0144478613e80008'),('f374e8aa444785eb014447861401003a','Green fields Colony','New Delhi','Student_31_31',NULL,NULL,NULL,'LastName_31','9971156315',120003,NULL,'f374e8aa444785eb0144478613e80008'),('f374e8aa444785eb014447861401003b','Green fields Colony','New Delhi','Student_32_32',NULL,NULL,NULL,'LastName_32','9971156315',120003,NULL,'f374e8aa444785eb0144478613e80008'),('f374e8aa444785eb014447861401003c','Green fields Colony','New Delhi','Student_33_33',NULL,NULL,NULL,'LastName_33','9971156315',120003,NULL,'f374e8aa444785eb0144478613e80008'),('f374e8aa444785eb014447861401003d','Green fields Colony','New Delhi','Student_34_34',NULL,NULL,NULL,'LastName_34','9971156315',120003,NULL,'f374e8aa444785eb0144478613e80008'),('f374e8aa444785eb014447861401003e','Green fields Colony','New Delhi','Student_35_35',NULL,NULL,NULL,'LastName_35','9971156315',120003,NULL,'f374e8aa444785eb0144478613e80008'),('f374e8aa444785eb014447861401003f','Green fields Colony','New Delhi','Student_36_36',NULL,NULL,NULL,'LastName_36','9971156315',120003,NULL,'f374e8aa444785eb0144478613e80008'),('f374e8aa444785eb0144478614060040','Green fields Colony','New Delhi','Student_37_37',NULL,NULL,NULL,'LastName_37','9971156315',120003,NULL,'f374e8aa444785eb0144478613e80008'),('f374e8aa444785eb0144478614060041','Green fields Colony','New Delhi','Student_38_38',NULL,NULL,NULL,'LastName_38','9971156315',120003,NULL,'f374e8aa444785eb0144478613e80008'),('f374e8aa444785eb0144478614060042','Green fields Colony','New Delhi','Student_39_39',NULL,NULL,NULL,'LastName_39','9971156315',120003,NULL,'f374e8aa444785eb0144478613e80008'),('f374e8aa444785eb0144478614060043','Green fields Colony','New Delhi','Student_40_40',NULL,NULL,NULL,'LastName_40','9971156315',120003,NULL,'f374e8aa444785eb0144478613e80008'),('f374e8aa444785eb0144478614060044','Green fields Colony','New Delhi','Student_41_41',NULL,NULL,NULL,'LastName_41','9971156315',120003,NULL,'f374e8aa444785eb0144478613e80008'),('f374e8aa444785eb0144478614060045','Green fields Colony','New Delhi','Student_42_42',NULL,NULL,NULL,'LastName_42','9971156315',120003,NULL,'f374e8aa444785eb0144478613e80008'),('f374e8aa444785eb0144478614060046','Green fields Colony','New Delhi','Student_43_43',NULL,NULL,NULL,'LastName_43','9971156315',120003,NULL,'f374e8aa444785eb0144478613e80008'),('f374e8aa444785eb0144478614060047','Green fields Colony','New Delhi','Student_44_44',NULL,NULL,NULL,'LastName_44','9971156315',120003,NULL,'f374e8aa444785eb0144478613e80008'),('f374e8aa444785eb01444786140b0048','Green fields Colony','New Delhi','Student_45_45',NULL,NULL,NULL,'LastName_45','9971156315',120003,NULL,'f374e8aa444785eb0144478613e80008'),('f374e8aa444785eb01444786140b0049','Green fields Colony','New Delhi','Student_46_46',NULL,NULL,NULL,'LastName_46','9971156315',120003,NULL,'f374e8aa444785eb0144478613e80008'),('f374e8aa444785eb01444786140b004a','Green fields Colony','New Delhi','Student_47_47',NULL,NULL,NULL,'LastName_47','9971156315',120003,NULL,'f374e8aa444785eb0144478613e80008'),('f374e8aa444785eb01444786140b004b','Green fields Colony','New Delhi','Student_48_48',NULL,NULL,NULL,'LastName_48','9971156315',120003,NULL,'f374e8aa444785eb0144478613e80008'),('f374e8aa444785eb01444786140b004c','Green fields Colony','New Delhi','Student_49_49',NULL,NULL,NULL,'LastName_49','9971156315',120003,NULL,'f374e8aa444785eb0144478613e80008'),('f374e8aa444785eb01444786140b004d','Green fields Colony','New Delhi','Student_50_50',NULL,NULL,NULL,'LastName_50','9971156315',120003,NULL,'f374e8aa444785eb0144478613e80008'),('f374e8aa44478a8c0144478aa9990009','Green fields Colony','New Delhi','Student_1_1',NULL,NULL,NULL,'LastName_1','9971156315',120003,NULL,'f374e8aa44478a8c0144478aa9940008'),('f374e8aa44478a8c0144478aa999000e','Green fields Colony','New Delhi','Student_2_2',NULL,NULL,NULL,'LastName_2','9971156315',120003,NULL,'f374e8aa44478a8c0144478aa9940008'),('f374e8aa44478a8c0144478aa9990012','Green fields Colony','New Delhi','Student_3_3',NULL,NULL,NULL,'LastName_3','9971156315',120003,NULL,'f374e8aa44478a8c0144478aa9940008'),('f374e8aa44478a8c0144478aa9990016','Green fields Colony','New Delhi','Student_4_4',NULL,NULL,NULL,'LastName_4','9971156315',120003,NULL,'f374e8aa44478a8c0144478aa9940008'),('f374e8aa44478a8c0144478aa9990019','Green fields Colony','New Delhi','Student_5_5',NULL,NULL,NULL,'LastName_5','9971156315',120003,NULL,'f374e8aa44478a8c0144478aa9940008'),('f374e8aa44478a8c0144478aa99e001d','Green fields Colony','New Delhi','Student_6_6',NULL,NULL,NULL,'LastName_6','9971156315',120003,NULL,'f374e8aa44478a8c0144478aa9940008'),('f374e8aa44478a8c0144478aa99e0022','Green fields Colony','New Delhi','Student_7_7',NULL,NULL,NULL,'LastName_7','9971156315',120003,NULL,'f374e8aa44478a8c0144478aa9940008'),('f374e8aa44478a8c0144478aa99e0023','Green fields Colony','New Delhi','Student_8_8',NULL,NULL,NULL,'LastName_8','9971156315',120003,NULL,'f374e8aa44478a8c0144478aa9940008'),('f374e8aa44478a8c0144478aa99e0024','Green fields Colony','New Delhi','Student_9_9',NULL,NULL,NULL,'LastName_9','9971156315',120003,NULL,'f374e8aa44478a8c0144478aa9940008'),('f374e8aa44478a8c0144478aa99e0025','Green fields Colony','New Delhi','Student_10_10',NULL,NULL,NULL,'LastName_10','9971156315',120003,NULL,'f374e8aa44478a8c0144478aa9940008'),('f374e8aa44478a8c0144478aa99e0026','Green fields Colony','New Delhi','Student_11_11',NULL,NULL,NULL,'LastName_11','9971156315',120003,NULL,'f374e8aa44478a8c0144478aa9940008'),('f374e8aa44478a8c0144478aa99e0027','Green fields Colony','New Delhi','Student_12_12',NULL,NULL,NULL,'LastName_12','9971156315',120003,NULL,'f374e8aa44478a8c0144478aa9940008'),('f374e8aa44478a8c0144478aa99e0028','Green fields Colony','New Delhi','Student_13_13',NULL,NULL,NULL,'LastName_13','9971156315',120003,NULL,'f374e8aa44478a8c0144478aa9940008'),('f374e8aa44478a8c0144478aa99e0029','Green fields Colony','New Delhi','Student_14_14',NULL,NULL,NULL,'LastName_14','9971156315',120003,NULL,'f374e8aa44478a8c0144478aa9940008'),('f374e8aa44478a8c0144478aa99e002a','Green fields Colony','New Delhi','Student_15_15',NULL,NULL,NULL,'LastName_15','9971156315',120003,NULL,'f374e8aa44478a8c0144478aa9940008'),('f374e8aa44478a8c0144478aa9a3002b','Green fields Colony','New Delhi','Student_16_16',NULL,NULL,NULL,'LastName_16','9971156315',120003,NULL,'f374e8aa44478a8c0144478aa9940008'),('f374e8aa44478a8c0144478aa9a3002c','Green fields Colony','New Delhi','Student_17_17',NULL,NULL,NULL,'LastName_17','9971156315',120003,NULL,'f374e8aa44478a8c0144478aa9940008'),('f374e8aa44478a8c0144478aa9a3002d','Green fields Colony','New Delhi','Student_18_18',NULL,NULL,NULL,'LastName_18','9971156315',120003,NULL,'f374e8aa44478a8c0144478aa9940008'),('f374e8aa44478a8c0144478aa9a3002e','Green fields Colony','New Delhi','Student_19_19',NULL,NULL,NULL,'LastName_19','9971156315',120003,NULL,'f374e8aa44478a8c0144478aa9940008'),('f374e8aa44478a8c0144478aa9a3002f','Green fields Colony','New Delhi','Student_20_20',NULL,NULL,NULL,'LastName_20','9971156315',120003,NULL,'f374e8aa44478a8c0144478aa9940008'),('f374e8aa44478a8c0144478aa9a30030','Green fields Colony','New Delhi','Student_21_21',NULL,NULL,NULL,'LastName_21','9971156315',120003,NULL,'f374e8aa44478a8c0144478aa9940008'),('f374e8aa44478a8c0144478aa9a30031','Green fields Colony','New Delhi','Student_22_22',NULL,NULL,NULL,'LastName_22','9971156315',120003,NULL,'f374e8aa44478a8c0144478aa9940008'),('f374e8aa44478a8c0144478aa9a30032','Green fields Colony','New Delhi','Student_23_23',NULL,NULL,NULL,'LastName_23','9971156315',120003,NULL,'f374e8aa44478a8c0144478aa9940008'),('f374e8aa44478a8c0144478aa9a30033','Green fields Colony','New Delhi','Student_24_24',NULL,NULL,NULL,'LastName_24','9971156315',120003,NULL,'f374e8aa44478a8c0144478aa9940008'),('f374e8aa44478a8c0144478aa9a30034','Green fields Colony','New Delhi','Student_25_25',NULL,NULL,NULL,'LastName_25','9971156315',120003,NULL,'f374e8aa44478a8c0144478aa9940008'),('f374e8aa44478a8c0144478aa9a30035','Green fields Colony','New Delhi','Student_26_26',NULL,NULL,NULL,'LastName_26','9971156315',120003,NULL,'f374e8aa44478a8c0144478aa9940008'),('f374e8aa44478a8c0144478aa9a30036','Green fields Colony','New Delhi','Student_27_27',NULL,NULL,NULL,'LastName_27','9971156315',120003,NULL,'f374e8aa44478a8c0144478aa9940008'),('f374e8aa44478a8c0144478aa9a30037','Green fields Colony','New Delhi','Student_28_28',NULL,NULL,NULL,'LastName_28','9971156315',120003,NULL,'f374e8aa44478a8c0144478aa9940008'),('f374e8aa44478a8c0144478aa9a80038','Green fields Colony','New Delhi','Student_29_29',NULL,NULL,NULL,'LastName_29','9971156315',120003,NULL,'f374e8aa44478a8c0144478aa9940008'),('f374e8aa44478a8c0144478aa9a80039','Green fields Colony','New Delhi','Student_30_30',NULL,NULL,NULL,'LastName_30','9971156315',120003,NULL,'f374e8aa44478a8c0144478aa9940008'),('f374e8aa44478a8c0144478aa9a8003a','Green fields Colony','New Delhi','Student_31_31',NULL,NULL,NULL,'LastName_31','9971156315',120003,NULL,'f374e8aa44478a8c0144478aa9940008'),('f374e8aa44478a8c0144478aa9a8003b','Green fields Colony','New Delhi','Student_32_32',NULL,NULL,NULL,'LastName_32','9971156315',120003,NULL,'f374e8aa44478a8c0144478aa9940008'),('f374e8aa44478a8c0144478aa9a8003c','Green fields Colony','New Delhi','Student_33_33',NULL,NULL,NULL,'LastName_33','9971156315',120003,NULL,'f374e8aa44478a8c0144478aa9940008'),('f374e8aa44478a8c0144478aa9a8003d','Green fields Colony','New Delhi','Student_34_34',NULL,NULL,NULL,'LastName_34','9971156315',120003,NULL,'f374e8aa44478a8c0144478aa9940008'),('f374e8aa44478a8c0144478aa9a8003e','Green fields Colony','New Delhi','Student_35_35',NULL,NULL,NULL,'LastName_35','9971156315',120003,NULL,'f374e8aa44478a8c0144478aa9940008'),('f374e8aa44478a8c0144478aa9a8003f','Green fields Colony','New Delhi','Student_36_36',NULL,NULL,NULL,'LastName_36','9971156315',120003,NULL,'f374e8aa44478a8c0144478aa9940008'),('f374e8aa44478a8c0144478aa9ad0040','Green fields Colony','New Delhi','Student_37_37',NULL,NULL,NULL,'LastName_37','9971156315',120003,NULL,'f374e8aa44478a8c0144478aa9940008'),('f374e8aa44478a8c0144478aa9ad0041','Green fields Colony','New Delhi','Student_38_38',NULL,NULL,NULL,'LastName_38','9971156315',120003,NULL,'f374e8aa44478a8c0144478aa9940008'),('f374e8aa44478a8c0144478aa9ad0042','Green fields Colony','New Delhi','Student_39_39',NULL,NULL,NULL,'LastName_39','9971156315',120003,NULL,'f374e8aa44478a8c0144478aa9940008'),('f374e8aa44478a8c0144478aa9ad0043','Green fields Colony','New Delhi','Student_40_40',NULL,NULL,NULL,'LastName_40','9971156315',120003,NULL,'f374e8aa44478a8c0144478aa9940008'),('f374e8aa44478a8c0144478aa9ad0044','Green fields Colony','New Delhi','Student_41_41',NULL,NULL,NULL,'LastName_41','9971156315',120003,NULL,'f374e8aa44478a8c0144478aa9940008'),('f374e8aa44478a8c0144478aa9ad0045','Green fields Colony','New Delhi','Student_42_42',NULL,NULL,NULL,'LastName_42','9971156315',120003,NULL,'f374e8aa44478a8c0144478aa9940008'),('f374e8aa44478a8c0144478aa9ad0046','Green fields Colony','New Delhi','Student_43_43',NULL,NULL,NULL,'LastName_43','9971156315',120003,NULL,'f374e8aa44478a8c0144478aa9940008'),('f374e8aa44478a8c0144478aa9ad0047','Green fields Colony','New Delhi','Student_44_44',NULL,NULL,NULL,'LastName_44','9971156315',120003,NULL,'f374e8aa44478a8c0144478aa9940008'),('f374e8aa44478a8c0144478aa9ad0048','Green fields Colony','New Delhi','Student_45_45',NULL,NULL,NULL,'LastName_45','9971156315',120003,NULL,'f374e8aa44478a8c0144478aa9940008'),('f374e8aa44478a8c0144478aa9ad0049','Green fields Colony','New Delhi','Student_46_46',NULL,NULL,NULL,'LastName_46','9971156315',120003,NULL,'f374e8aa44478a8c0144478aa9940008'),('f374e8aa44478a8c0144478aa9ad004a','Green fields Colony','New Delhi','Student_47_47',NULL,NULL,NULL,'LastName_47','9971156315',120003,NULL,'f374e8aa44478a8c0144478aa9940008'),('f374e8aa44478a8c0144478aa9b2004b','Green fields Colony','New Delhi','Student_48_48',NULL,NULL,NULL,'LastName_48','9971156315',120003,NULL,'f374e8aa44478a8c0144478aa9940008'),('f374e8aa44478a8c0144478aa9b2004c','Green fields Colony','New Delhi','Student_49_49',NULL,NULL,NULL,'LastName_49','9971156315',120003,NULL,'f374e8aa44478a8c0144478aa9940008'),('f374e8aa44478a8c0144478aa9b2004d','Green fields Colony','New Delhi','Student_50_50',NULL,NULL,NULL,'LastName_50','9971156315',120003,NULL,'f374e8aa44478a8c0144478aa9940008'),('f374e8aa44478b110144478b2ea40009','Green fields Colony','New Delhi','Student_1_1',NULL,NULL,NULL,'LastName_1','9971156315',120003,NULL,'f374e8aa44478b110144478b2ea40008'),('f374e8aa44478b110144478b2ea9000e','Green fields Colony','New Delhi','Student_2_2',NULL,NULL,NULL,'LastName_2','9971156315',120003,NULL,'f374e8aa44478b110144478b2ea40008'),('f374e8aa44478b110144478b2ea90012','Green fields Colony','New Delhi','Student_3_3',NULL,NULL,NULL,'LastName_3','9971156315',120003,NULL,'f374e8aa44478b110144478b2ea40008'),('f374e8aa44478b110144478b2ea90016','Green fields Colony','New Delhi','Student_4_4',NULL,NULL,NULL,'LastName_4','9971156315',120003,NULL,'f374e8aa44478b110144478b2ea40008'),('f374e8aa44478b110144478b2ea90019','Green fields Colony','New Delhi','Student_5_5',NULL,NULL,NULL,'LastName_5','9971156315',120003,NULL,'f374e8aa44478b110144478b2ea40008'),('f374e8aa44478b110144478b2ea9001d','Green fields Colony','New Delhi','Student_6_6',NULL,NULL,NULL,'LastName_6','9971156315',120003,NULL,'f374e8aa44478b110144478b2ea40008'),('f374e8aa44478b110144478b2eae0022','Green fields Colony','New Delhi','Student_7_7',NULL,NULL,NULL,'LastName_7','9971156315',120003,NULL,'f374e8aa44478b110144478b2ea40008'),('f374e8aa44478b110144478b2eae0023','Green fields Colony','New Delhi','Student_8_8',NULL,NULL,NULL,'LastName_8','9971156315',120003,NULL,'f374e8aa44478b110144478b2ea40008'),('f374e8aa44478b110144478b2eae0024','Green fields Colony','New Delhi','Student_9_9',NULL,NULL,NULL,'LastName_9','9971156315',120003,NULL,'f374e8aa44478b110144478b2ea40008'),('f374e8aa44478b110144478b2eae0025','Green fields Colony','New Delhi','Student_10_10',NULL,NULL,NULL,'LastName_10','9971156315',120003,NULL,'f374e8aa44478b110144478b2ea40008'),('f374e8aa44478b110144478b2eae0026','Green fields Colony','New Delhi','Student_11_11',NULL,NULL,NULL,'LastName_11','9971156315',120003,NULL,'f374e8aa44478b110144478b2ea40008'),('f374e8aa44478b110144478b2eae0027','Green fields Colony','New Delhi','Student_12_12',NULL,NULL,NULL,'LastName_12','9971156315',120003,NULL,'f374e8aa44478b110144478b2ea40008'),('f374e8aa44478b110144478b2eae0028','Green fields Colony','New Delhi','Student_13_13',NULL,NULL,NULL,'LastName_13','9971156315',120003,NULL,'f374e8aa44478b110144478b2ea40008'),('f374e8aa44478b110144478b2eae0029','Green fields Colony','New Delhi','Student_14_14',NULL,NULL,NULL,'LastName_14','9971156315',120003,NULL,'f374e8aa44478b110144478b2ea40008'),('f374e8aa44478b110144478b2eae002a','Green fields Colony','New Delhi','Student_15_15',NULL,NULL,NULL,'LastName_15','9971156315',120003,NULL,'f374e8aa44478b110144478b2ea40008'),('f374e8aa44478b110144478b2eae002b','Green fields Colony','New Delhi','Student_16_16',NULL,NULL,NULL,'LastName_16','9971156315',120003,NULL,'f374e8aa44478b110144478b2ea40008'),('f374e8aa44478b110144478b2eae002c','Green fields Colony','New Delhi','Student_17_17',NULL,NULL,NULL,'LastName_17','9971156315',120003,NULL,'f374e8aa44478b110144478b2ea40008'),('f374e8aa44478b110144478b2eae002d','Green fields Colony','New Delhi','Student_18_18',NULL,NULL,NULL,'LastName_18','9971156315',120003,NULL,'f374e8aa44478b110144478b2ea40008'),('f374e8aa44478b110144478b2eb3002e','Green fields Colony','New Delhi','Student_19_19',NULL,NULL,NULL,'LastName_19','9971156315',120003,NULL,'f374e8aa44478b110144478b2ea40008'),('f374e8aa44478b110144478b2eb3002f','Green fields Colony','New Delhi','Student_20_20',NULL,NULL,NULL,'LastName_20','9971156315',120003,NULL,'f374e8aa44478b110144478b2ea40008'),('f374e8aa44478b110144478b2eb30030','Green fields Colony','New Delhi','Student_21_21',NULL,NULL,NULL,'LastName_21','9971156315',120003,NULL,'f374e8aa44478b110144478b2ea40008'),('f374e8aa44478b110144478b2eb30031','Green fields Colony','New Delhi','Student_22_22',NULL,NULL,NULL,'LastName_22','9971156315',120003,NULL,'f374e8aa44478b110144478b2ea40008'),('f374e8aa44478b110144478b2eb30032','Green fields Colony','New Delhi','Student_23_23',NULL,NULL,NULL,'LastName_23','9971156315',120003,NULL,'f374e8aa44478b110144478b2ea40008'),('f374e8aa44478b110144478b2eb30033','Green fields Colony','New Delhi','Student_24_24',NULL,NULL,NULL,'LastName_24','9971156315',120003,NULL,'f374e8aa44478b110144478b2ea40008'),('f374e8aa44478b110144478b2eb30034','Green fields Colony','New Delhi','Student_25_25',NULL,NULL,NULL,'LastName_25','9971156315',120003,NULL,'f374e8aa44478b110144478b2ea40008'),('f374e8aa44478b110144478b2eb30035','Green fields Colony','New Delhi','Student_26_26',NULL,NULL,NULL,'LastName_26','9971156315',120003,NULL,'f374e8aa44478b110144478b2ea40008'),('f374e8aa44478b110144478b2eb30036','Green fields Colony','New Delhi','Student_27_27',NULL,NULL,NULL,'LastName_27','9971156315',120003,NULL,'f374e8aa44478b110144478b2ea40008'),('f374e8aa44478b110144478b2eb30037','Green fields Colony','New Delhi','Student_28_28',NULL,NULL,NULL,'LastName_28','9971156315',120003,NULL,'f374e8aa44478b110144478b2ea40008'),('f374e8aa44478b110144478b2eb30038','Green fields Colony','New Delhi','Student_29_29',NULL,NULL,NULL,'LastName_29','9971156315',120003,NULL,'f374e8aa44478b110144478b2ea40008'),('f374e8aa44478b110144478b2eb30039','Green fields Colony','New Delhi','Student_30_30',NULL,NULL,NULL,'LastName_30','9971156315',120003,NULL,'f374e8aa44478b110144478b2ea40008'),('f374e8aa44478b110144478b2eb3003a','Green fields Colony','New Delhi','Student_31_31',NULL,NULL,NULL,'LastName_31','9971156315',120003,NULL,'f374e8aa44478b110144478b2ea40008'),('f374e8aa44478b110144478b2eb3003b','Green fields Colony','New Delhi','Student_32_32',NULL,NULL,NULL,'LastName_32','9971156315',120003,NULL,'f374e8aa44478b110144478b2ea40008'),('f374e8aa44478b110144478b2eb3003c','Green fields Colony','New Delhi','Student_33_33',NULL,NULL,NULL,'LastName_33','9971156315',120003,NULL,'f374e8aa44478b110144478b2ea40008'),('f374e8aa44478b110144478b2eb3003d','Green fields Colony','New Delhi','Student_34_34',NULL,NULL,NULL,'LastName_34','9971156315',120003,NULL,'f374e8aa44478b110144478b2ea40008'),('f374e8aa44478b110144478b2eb8003e','Green fields Colony','New Delhi','Student_35_35',NULL,NULL,NULL,'LastName_35','9971156315',120003,NULL,'f374e8aa44478b110144478b2ea40008'),('f374e8aa44478b110144478b2eb8003f','Green fields Colony','New Delhi','Student_36_36',NULL,NULL,NULL,'LastName_36','9971156315',120003,NULL,'f374e8aa44478b110144478b2ea40008'),('f374e8aa44478b110144478b2eb80040','Green fields Colony','New Delhi','Student_37_37',NULL,NULL,NULL,'LastName_37','9971156315',120003,NULL,'f374e8aa44478b110144478b2ea40008'),('f374e8aa44478b110144478b2eb80041','Green fields Colony','New Delhi','Student_38_38',NULL,NULL,NULL,'LastName_38','9971156315',120003,NULL,'f374e8aa44478b110144478b2ea40008'),('f374e8aa44478b110144478b2eb80042','Green fields Colony','New Delhi','Student_39_39',NULL,NULL,NULL,'LastName_39','9971156315',120003,NULL,'f374e8aa44478b110144478b2ea40008'),('f374e8aa44478b110144478b2eb80043','Green fields Colony','New Delhi','Student_40_40',NULL,NULL,NULL,'LastName_40','9971156315',120003,NULL,'f374e8aa44478b110144478b2ea40008'),('f374e8aa44478b110144478b2eb80044','Green fields Colony','New Delhi','Student_41_41',NULL,NULL,NULL,'LastName_41','9971156315',120003,NULL,'f374e8aa44478b110144478b2ea40008'),('f374e8aa44478b110144478b2eb80045','Green fields Colony','New Delhi','Student_42_42',NULL,NULL,NULL,'LastName_42','9971156315',120003,NULL,'f374e8aa44478b110144478b2ea40008'),('f374e8aa44478b110144478b2eb80046','Green fields Colony','New Delhi','Student_43_43',NULL,NULL,NULL,'LastName_43','9971156315',120003,NULL,'f374e8aa44478b110144478b2ea40008'),('f374e8aa44478b110144478b2eb80047','Green fields Colony','New Delhi','Student_44_44',NULL,NULL,NULL,'LastName_44','9971156315',120003,NULL,'f374e8aa44478b110144478b2ea40008'),('f374e8aa44478b110144478b2eb80048','Green fields Colony','New Delhi','Student_45_45',NULL,NULL,NULL,'LastName_45','9971156315',120003,NULL,'f374e8aa44478b110144478b2ea40008'),('f374e8aa44478b110144478b2eb80049','Green fields Colony','New Delhi','Student_46_46',NULL,NULL,NULL,'LastName_46','9971156315',120003,NULL,'f374e8aa44478b110144478b2ea40008'),('f374e8aa44478b110144478b2eb8004a','Green fields Colony','New Delhi','Student_47_47',NULL,NULL,NULL,'LastName_47','9971156315',120003,NULL,'f374e8aa44478b110144478b2ea40008'),('f374e8aa44478b110144478b2eb8004b','Green fields Colony','New Delhi','Student_48_48',NULL,NULL,NULL,'LastName_48','9971156315',120003,NULL,'f374e8aa44478b110144478b2ea40008'),('f374e8aa44478b110144478b2eb8004c','Green fields Colony','New Delhi','Student_49_49',NULL,NULL,NULL,'LastName_49','9971156315',120003,NULL,'f374e8aa44478b110144478b2ea40008'),('f374e8aa44478b110144478b2eb8004d','Green fields Colony','New Delhi','Student_50_50',NULL,NULL,NULL,'LastName_50','9971156315',120003,NULL,'f374e8aa44478b110144478b2ea40008'),('f374e8aa44478c040144478c1c4c0009','Green fields Colony','New Delhi','Student_1_1',NULL,NULL,NULL,'LastName_1','9971156315',120003,NULL,'f374e8aa44478c040144478c1c4c0008'),('f374e8aa44478c040144478c1c51000e','Green fields Colony','New Delhi','Student_2_2',NULL,NULL,NULL,'LastName_2','9971156315',120003,NULL,'f374e8aa44478c040144478c1c4c0008'),('f374e8aa44478c040144478c1c510012','Green fields Colony','New Delhi','Student_3_3',NULL,NULL,NULL,'LastName_3','9971156315',120003,NULL,'f374e8aa44478c040144478c1c4c0008'),('f374e8aa44478c040144478c1c510016','Green fields Colony','New Delhi','Student_4_4',NULL,NULL,NULL,'LastName_4','9971156315',120003,NULL,'f374e8aa44478c040144478c1c4c0008'),('f374e8aa44478c040144478c1c510019','Green fields Colony','New Delhi','Student_5_5',NULL,NULL,NULL,'LastName_5','9971156315',120003,NULL,'f374e8aa44478c040144478c1c4c0008'),('f374e8aa44478c040144478c1c51001d','Green fields Colony','New Delhi','Student_6_6',NULL,NULL,NULL,'LastName_6','9971156315',120003,NULL,'f374e8aa44478c040144478c1c4c0008'),('f374e8aa44478c040144478c1c560022','Green fields Colony','New Delhi','Student_7_7',NULL,NULL,NULL,'LastName_7','9971156315',120003,NULL,'f374e8aa44478c040144478c1c4c0008'),('f374e8aa44478c040144478c1c560023','Green fields Colony','New Delhi','Student_8_8',NULL,NULL,NULL,'LastName_8','9971156315',120003,NULL,'f374e8aa44478c040144478c1c4c0008'),('f374e8aa44478c040144478c1c560024','Green fields Colony','New Delhi','Student_9_9',NULL,NULL,NULL,'LastName_9','9971156315',120003,NULL,'f374e8aa44478c040144478c1c4c0008'),('f374e8aa44478c040144478c1c560025','Green fields Colony','New Delhi','Student_10_10',NULL,NULL,NULL,'LastName_10','9971156315',120003,NULL,'f374e8aa44478c040144478c1c4c0008'),('f374e8aa44478c040144478c1c560026','Green fields Colony','New Delhi','Student_11_11',NULL,NULL,NULL,'LastName_11','9971156315',120003,NULL,'f374e8aa44478c040144478c1c4c0008'),('f374e8aa44478c040144478c1c560027','Green fields Colony','New Delhi','Student_12_12',NULL,NULL,NULL,'LastName_12','9971156315',120003,NULL,'f374e8aa44478c040144478c1c4c0008'),('f374e8aa44478c040144478c1c560028','Green fields Colony','New Delhi','Student_13_13',NULL,NULL,NULL,'LastName_13','9971156315',120003,NULL,'f374e8aa44478c040144478c1c4c0008'),('f374e8aa44478c040144478c1c560029','Green fields Colony','New Delhi','Student_14_14',NULL,NULL,NULL,'LastName_14','9971156315',120003,NULL,'f374e8aa44478c040144478c1c4c0008'),('f374e8aa44478c040144478c1c56002a','Green fields Colony','New Delhi','Student_15_15',NULL,NULL,NULL,'LastName_15','9971156315',120003,NULL,'f374e8aa44478c040144478c1c4c0008'),('f374e8aa44478c040144478c1c56002b','Green fields Colony','New Delhi','Student_16_16',NULL,NULL,NULL,'LastName_16','9971156315',120003,NULL,'f374e8aa44478c040144478c1c4c0008'),('f374e8aa44478c040144478c1c56002c','Green fields Colony','New Delhi','Student_17_17',NULL,NULL,NULL,'LastName_17','9971156315',120003,NULL,'f374e8aa44478c040144478c1c4c0008'),('f374e8aa44478c040144478c1c5b002d','Green fields Colony','New Delhi','Student_18_18',NULL,NULL,NULL,'LastName_18','9971156315',120003,NULL,'f374e8aa44478c040144478c1c4c0008'),('f374e8aa44478c040144478c1c5b002e','Green fields Colony','New Delhi','Student_19_19',NULL,NULL,NULL,'LastName_19','9971156315',120003,NULL,'f374e8aa44478c040144478c1c4c0008'),('f374e8aa44478c040144478c1c5b002f','Green fields Colony','New Delhi','Student_20_20',NULL,NULL,NULL,'LastName_20','9971156315',120003,NULL,'f374e8aa44478c040144478c1c4c0008'),('f374e8aa44478c040144478c1c5b0030','Green fields Colony','New Delhi','Student_21_21',NULL,NULL,NULL,'LastName_21','9971156315',120003,NULL,'f374e8aa44478c040144478c1c4c0008'),('f374e8aa44478c040144478c1c5b0031','Green fields Colony','New Delhi','Student_22_22',NULL,NULL,NULL,'LastName_22','9971156315',120003,NULL,'f374e8aa44478c040144478c1c4c0008'),('f374e8aa44478c040144478c1c5b0032','Green fields Colony','New Delhi','Student_23_23',NULL,NULL,NULL,'LastName_23','9971156315',120003,NULL,'f374e8aa44478c040144478c1c4c0008'),('f374e8aa44478c040144478c1c5b0033','Green fields Colony','New Delhi','Student_24_24',NULL,NULL,NULL,'LastName_24','9971156315',120003,NULL,'f374e8aa44478c040144478c1c4c0008'),('f374e8aa44478c040144478c1c5b0034','Green fields Colony','New Delhi','Student_25_25',NULL,NULL,NULL,'LastName_25','9971156315',120003,NULL,'f374e8aa44478c040144478c1c4c0008'),('f374e8aa44478c040144478c1c5b0035','Green fields Colony','New Delhi','Student_26_26',NULL,NULL,NULL,'LastName_26','9971156315',120003,NULL,'f374e8aa44478c040144478c1c4c0008'),('f374e8aa44478c040144478c1c5b0036','Green fields Colony','New Delhi','Student_27_27',NULL,NULL,NULL,'LastName_27','9971156315',120003,NULL,'f374e8aa44478c040144478c1c4c0008'),('f374e8aa44478c040144478c1c5b0037','Green fields Colony','New Delhi','Student_28_28',NULL,NULL,NULL,'LastName_28','9971156315',120003,NULL,'f374e8aa44478c040144478c1c4c0008'),('f374e8aa44478c040144478c1c5b0038','Green fields Colony','New Delhi','Student_29_29',NULL,NULL,NULL,'LastName_29','9971156315',120003,NULL,'f374e8aa44478c040144478c1c4c0008'),('f374e8aa44478c040144478c1c5b0039','Green fields Colony','New Delhi','Student_30_30',NULL,NULL,NULL,'LastName_30','9971156315',120003,NULL,'f374e8aa44478c040144478c1c4c0008'),('f374e8aa44478c040144478c1c5b003a','Green fields Colony','New Delhi','Student_31_31',NULL,NULL,NULL,'LastName_31','9971156315',120003,NULL,'f374e8aa44478c040144478c1c4c0008'),('f374e8aa44478c040144478c1c5b003b','Green fields Colony','New Delhi','Student_32_32',NULL,NULL,NULL,'LastName_32','9971156315',120003,NULL,'f374e8aa44478c040144478c1c4c0008'),('f374e8aa44478c040144478c1c60003c','Green fields Colony','New Delhi','Student_33_33',NULL,NULL,NULL,'LastName_33','9971156315',120003,NULL,'f374e8aa44478c040144478c1c4c0008'),('f374e8aa44478c040144478c1c60003d','Green fields Colony','New Delhi','Student_34_34',NULL,NULL,NULL,'LastName_34','9971156315',120003,NULL,'f374e8aa44478c040144478c1c4c0008'),('f374e8aa44478c040144478c1c60003e','Green fields Colony','New Delhi','Student_35_35',NULL,NULL,NULL,'LastName_35','9971156315',120003,NULL,'f374e8aa44478c040144478c1c4c0008'),('f374e8aa44478c040144478c1c60003f','Green fields Colony','New Delhi','Student_36_36',NULL,NULL,NULL,'LastName_36','9971156315',120003,NULL,'f374e8aa44478c040144478c1c4c0008'),('f374e8aa44478c040144478c1c600040','Green fields Colony','New Delhi','Student_37_37',NULL,NULL,NULL,'LastName_37','9971156315',120003,NULL,'f374e8aa44478c040144478c1c4c0008'),('f374e8aa44478c040144478c1c600041','Green fields Colony','New Delhi','Student_38_38',NULL,NULL,NULL,'LastName_38','9971156315',120003,NULL,'f374e8aa44478c040144478c1c4c0008'),('f374e8aa44478c040144478c1c600042','Green fields Colony','New Delhi','Student_39_39',NULL,NULL,NULL,'LastName_39','9971156315',120003,NULL,'f374e8aa44478c040144478c1c4c0008'),('f374e8aa44478c040144478c1c600043','Green fields Colony','New Delhi','Student_40_40',NULL,NULL,NULL,'LastName_40','9971156315',120003,NULL,'f374e8aa44478c040144478c1c4c0008'),('f374e8aa44478c040144478c1c600044','Green fields Colony','New Delhi','Student_41_41',NULL,NULL,NULL,'LastName_41','9971156315',120003,NULL,'f374e8aa44478c040144478c1c4c0008'),('f374e8aa44478c040144478c1c600045','Green fields Colony','New Delhi','Student_42_42',NULL,NULL,NULL,'LastName_42','9971156315',120003,NULL,'f374e8aa44478c040144478c1c4c0008'),('f374e8aa44478c040144478c1c600046','Green fields Colony','New Delhi','Student_43_43',NULL,NULL,NULL,'LastName_43','9971156315',120003,NULL,'f374e8aa44478c040144478c1c4c0008'),('f374e8aa44478c040144478c1c600047','Green fields Colony','New Delhi','Student_44_44',NULL,NULL,NULL,'LastName_44','9971156315',120003,NULL,'f374e8aa44478c040144478c1c4c0008'),('f374e8aa44478c040144478c1c600048','Green fields Colony','New Delhi','Student_45_45',NULL,NULL,NULL,'LastName_45','9971156315',120003,NULL,'f374e8aa44478c040144478c1c4c0008'),('f374e8aa44478c040144478c1c600049','Green fields Colony','New Delhi','Student_46_46',NULL,NULL,NULL,'LastName_46','9971156315',120003,NULL,'f374e8aa44478c040144478c1c4c0008'),('f374e8aa44478c040144478c1c60004a','Green fields Colony','New Delhi','Student_47_47',NULL,NULL,NULL,'LastName_47','9971156315',120003,NULL,'f374e8aa44478c040144478c1c4c0008'),('f374e8aa44478c040144478c1c60004b','Green fields Colony','New Delhi','Student_48_48',NULL,NULL,NULL,'LastName_48','9971156315',120003,NULL,'f374e8aa44478c040144478c1c4c0008'),('f374e8aa44478c040144478c1c65004c','Green fields Colony','New Delhi','Student_49_49',NULL,NULL,NULL,'LastName_49','9971156315',120003,NULL,'f374e8aa44478c040144478c1c4c0008'),('f374e8aa44478c040144478c1c65004d','Green fields Colony','New Delhi','Student_50_50',NULL,NULL,NULL,'LastName_50','9971156315',120003,NULL,'f374e8aa44478c040144478c1c4c0008'),('f374e8aa44478cd20144478ce5410009','Green fields Colony','New Delhi','Student_1_1',NULL,NULL,NULL,'LastName_1','9971156315',120003,NULL,'f374e8aa44478cd20144478ce5410008'),('f374e8aa44478cd20144478ce541000e','Green fields Colony','New Delhi','Student_2_2',NULL,NULL,NULL,'LastName_2','9971156315',120003,NULL,'f374e8aa44478cd20144478ce5410008'),('f374e8aa44478cd20144478ce5410012','Green fields Colony','New Delhi','Student_3_3',NULL,NULL,NULL,'LastName_3','9971156315',120003,NULL,'f374e8aa44478cd20144478ce5410008'),('f374e8aa44478cd20144478ce5460016','Green fields Colony','New Delhi','Student_4_4',NULL,NULL,NULL,'LastName_4','9971156315',120003,NULL,'f374e8aa44478cd20144478ce5410008'),('f374e8aa44478cd20144478ce5460019','Green fields Colony','New Delhi','Student_5_5',NULL,NULL,NULL,'LastName_5','9971156315',120003,NULL,'f374e8aa44478cd20144478ce5410008'),('f374e8aa44478cd20144478ce546001d','Green fields Colony','New Delhi','Student_6_6',NULL,NULL,NULL,'LastName_6','9971156315',120003,NULL,'f374e8aa44478cd20144478ce5410008'),('f374e8aa44478cd20144478ce5460022','Green fields Colony','New Delhi','Student_7_7',NULL,NULL,NULL,'LastName_7','9971156315',120003,NULL,'f374e8aa44478cd20144478ce5410008'),('f374e8aa44478cd20144478ce5460023','Green fields Colony','New Delhi','Student_8_8',NULL,NULL,NULL,'LastName_8','9971156315',120003,NULL,'f374e8aa44478cd20144478ce5410008'),('f374e8aa44478cd20144478ce54b0024','Green fields Colony','New Delhi','Student_9_9',NULL,NULL,NULL,'LastName_9','9971156315',120003,NULL,'f374e8aa44478cd20144478ce5410008'),('f374e8aa44478cd20144478ce54b0025','Green fields Colony','New Delhi','Student_10_10',NULL,NULL,NULL,'LastName_10','9971156315',120003,NULL,'f374e8aa44478cd20144478ce5410008'),('f374e8aa44478cd20144478ce54b0026','Green fields Colony','New Delhi','Student_11_11',NULL,NULL,NULL,'LastName_11','9971156315',120003,NULL,'f374e8aa44478cd20144478ce5410008'),('f374e8aa44478cd20144478ce54b0027','Green fields Colony','New Delhi','Student_12_12',NULL,NULL,NULL,'LastName_12','9971156315',120003,NULL,'f374e8aa44478cd20144478ce5410008'),('f374e8aa44478cd20144478ce54b0028','Green fields Colony','New Delhi','Student_13_13',NULL,NULL,NULL,'LastName_13','9971156315',120003,NULL,'f374e8aa44478cd20144478ce5410008'),('f374e8aa44478cd20144478ce54b0029','Green fields Colony','New Delhi','Student_14_14',NULL,NULL,NULL,'LastName_14','9971156315',120003,NULL,'f374e8aa44478cd20144478ce5410008'),('f374e8aa44478cd20144478ce54b002a','Green fields Colony','New Delhi','Student_15_15',NULL,NULL,NULL,'LastName_15','9971156315',120003,NULL,'f374e8aa44478cd20144478ce5410008'),('f374e8aa44478cd20144478ce54b002b','Green fields Colony','New Delhi','Student_16_16',NULL,NULL,NULL,'LastName_16','9971156315',120003,NULL,'f374e8aa44478cd20144478ce5410008'),('f374e8aa44478cd20144478ce54b002c','Green fields Colony','New Delhi','Student_17_17',NULL,NULL,NULL,'LastName_17','9971156315',120003,NULL,'f374e8aa44478cd20144478ce5410008'),('f374e8aa44478cd20144478ce54b002d','Green fields Colony','New Delhi','Student_18_18',NULL,NULL,NULL,'LastName_18','9971156315',120003,NULL,'f374e8aa44478cd20144478ce5410008'),('f374e8aa44478cd20144478ce54b002e','Green fields Colony','New Delhi','Student_19_19',NULL,NULL,NULL,'LastName_19','9971156315',120003,NULL,'f374e8aa44478cd20144478ce5410008'),('f374e8aa44478cd20144478ce54b002f','Green fields Colony','New Delhi','Student_20_20',NULL,NULL,NULL,'LastName_20','9971156315',120003,NULL,'f374e8aa44478cd20144478ce5410008'),('f374e8aa44478cd20144478ce5500030','Green fields Colony','New Delhi','Student_21_21',NULL,NULL,NULL,'LastName_21','9971156315',120003,NULL,'f374e8aa44478cd20144478ce5410008'),('f374e8aa44478cd20144478ce5500031','Green fields Colony','New Delhi','Student_22_22',NULL,NULL,NULL,'LastName_22','9971156315',120003,NULL,'f374e8aa44478cd20144478ce5410008'),('f374e8aa44478cd20144478ce5500032','Green fields Colony','New Delhi','Student_23_23',NULL,NULL,NULL,'LastName_23','9971156315',120003,NULL,'f374e8aa44478cd20144478ce5410008'),('f374e8aa44478cd20144478ce5500033','Green fields Colony','New Delhi','Student_24_24',NULL,NULL,NULL,'LastName_24','9971156315',120003,NULL,'f374e8aa44478cd20144478ce5410008'),('f374e8aa44478cd20144478ce5500034','Green fields Colony','New Delhi','Student_25_25',NULL,NULL,NULL,'LastName_25','9971156315',120003,NULL,'f374e8aa44478cd20144478ce5410008'),('f374e8aa44478cd20144478ce5500035','Green fields Colony','New Delhi','Student_26_26',NULL,NULL,NULL,'LastName_26','9971156315',120003,NULL,'f374e8aa44478cd20144478ce5410008'),('f374e8aa44478cd20144478ce5500036','Green fields Colony','New Delhi','Student_27_27',NULL,NULL,NULL,'LastName_27','9971156315',120003,NULL,'f374e8aa44478cd20144478ce5410008'),('f374e8aa44478cd20144478ce5500037','Green fields Colony','New Delhi','Student_28_28',NULL,NULL,NULL,'LastName_28','9971156315',120003,NULL,'f374e8aa44478cd20144478ce5410008'),('f374e8aa44478cd20144478ce5500038','Green fields Colony','New Delhi','Student_29_29',NULL,NULL,NULL,'LastName_29','9971156315',120003,NULL,'f374e8aa44478cd20144478ce5410008'),('f374e8aa44478cd20144478ce5500039','Green fields Colony','New Delhi','Student_30_30',NULL,NULL,NULL,'LastName_30','9971156315',120003,NULL,'f374e8aa44478cd20144478ce5410008'),('f374e8aa44478cd20144478ce550003a','Green fields Colony','New Delhi','Student_31_31',NULL,NULL,NULL,'LastName_31','9971156315',120003,NULL,'f374e8aa44478cd20144478ce5410008'),('f374e8aa44478cd20144478ce550003b','Green fields Colony','New Delhi','Student_32_32',NULL,NULL,NULL,'LastName_32','9971156315',120003,NULL,'f374e8aa44478cd20144478ce5410008'),('f374e8aa44478cd20144478ce555003c','Green fields Colony','New Delhi','Student_33_33',NULL,NULL,NULL,'LastName_33','9971156315',120003,NULL,'f374e8aa44478cd20144478ce5410008'),('f374e8aa44478cd20144478ce555003d','Green fields Colony','New Delhi','Student_34_34',NULL,NULL,NULL,'LastName_34','9971156315',120003,NULL,'f374e8aa44478cd20144478ce5410008'),('f374e8aa44478cd20144478ce555003e','Green fields Colony','New Delhi','Student_35_35',NULL,NULL,NULL,'LastName_35','9971156315',120003,NULL,'f374e8aa44478cd20144478ce5410008'),('f374e8aa44478cd20144478ce555003f','Green fields Colony','New Delhi','Student_36_36',NULL,NULL,NULL,'LastName_36','9971156315',120003,NULL,'f374e8aa44478cd20144478ce5410008'),('f374e8aa44478cd20144478ce5550040','Green fields Colony','New Delhi','Student_37_37',NULL,NULL,NULL,'LastName_37','9971156315',120003,NULL,'f374e8aa44478cd20144478ce5410008'),('f374e8aa44478cd20144478ce5550041','Green fields Colony','New Delhi','Student_38_38',NULL,NULL,NULL,'LastName_38','9971156315',120003,NULL,'f374e8aa44478cd20144478ce5410008'),('f374e8aa44478cd20144478ce5550042','Green fields Colony','New Delhi','Student_39_39',NULL,NULL,NULL,'LastName_39','9971156315',120003,NULL,'f374e8aa44478cd20144478ce5410008'),('f374e8aa44478cd20144478ce5550043','Green fields Colony','New Delhi','Student_40_40',NULL,NULL,NULL,'LastName_40','9971156315',120003,NULL,'f374e8aa44478cd20144478ce5410008'),('f374e8aa44478cd20144478ce5550044','Green fields Colony','New Delhi','Student_41_41',NULL,NULL,NULL,'LastName_41','9971156315',120003,NULL,'f374e8aa44478cd20144478ce5410008'),('f374e8aa44478cd20144478ce5550045','Green fields Colony','New Delhi','Student_42_42',NULL,NULL,NULL,'LastName_42','9971156315',120003,NULL,'f374e8aa44478cd20144478ce5410008'),('f374e8aa44478cd20144478ce5550046','Green fields Colony','New Delhi','Student_43_43',NULL,NULL,NULL,'LastName_43','9971156315',120003,NULL,'f374e8aa44478cd20144478ce5410008'),('f374e8aa44478cd20144478ce5550047','Green fields Colony','New Delhi','Student_44_44',NULL,NULL,NULL,'LastName_44','9971156315',120003,NULL,'f374e8aa44478cd20144478ce5410008'),('f374e8aa44478cd20144478ce5550048','Green fields Colony','New Delhi','Student_45_45',NULL,NULL,NULL,'LastName_45','9971156315',120003,NULL,'f374e8aa44478cd20144478ce5410008'),('f374e8aa44478cd20144478ce55a0049','Green fields Colony','New Delhi','Student_46_46',NULL,NULL,NULL,'LastName_46','9971156315',120003,NULL,'f374e8aa44478cd20144478ce5410008'),('f374e8aa44478cd20144478ce55a004a','Green fields Colony','New Delhi','Student_47_47',NULL,NULL,NULL,'LastName_47','9971156315',120003,NULL,'f374e8aa44478cd20144478ce5410008'),('f374e8aa44478cd20144478ce55a004b','Green fields Colony','New Delhi','Student_48_48',NULL,NULL,NULL,'LastName_48','9971156315',120003,NULL,'f374e8aa44478cd20144478ce5410008'),('f374e8aa44478cd20144478ce55a004c','Green fields Colony','New Delhi','Student_49_49',NULL,NULL,NULL,'LastName_49','9971156315',120003,NULL,'f374e8aa44478cd20144478ce5410008'),('f374e8aa44478cd20144478ce55a004d','Green fields Colony','New Delhi','Student_50_50',NULL,NULL,NULL,'LastName_50','9971156315',120003,NULL,'f374e8aa44478cd20144478ce5410008'),('f374e8aa44478d4a0144478d623d0009','Green fields Colony','New Delhi','Student_1_1',NULL,NULL,NULL,'LastName_1','9971156315',120003,NULL,'f374e8aa44478d4a0144478d623d0008'),('f374e8aa44478d4a0144478d623d000e','Green fields Colony','New Delhi','Student_2_2',NULL,NULL,NULL,'LastName_2','9971156315',120003,NULL,'f374e8aa44478d4a0144478d623d0008'),('f374e8aa44478d4a0144478d623d0012','Green fields Colony','New Delhi','Student_3_3',NULL,NULL,NULL,'LastName_3','9971156315',120003,NULL,'f374e8aa44478d4a0144478d623d0008'),('f374e8aa44478d4a0144478d623d0016','Green fields Colony','New Delhi','Student_4_4',NULL,NULL,NULL,'LastName_4','9971156315',120003,NULL,'f374e8aa44478d4a0144478d623d0008'),('f374e8aa44478d4a0144478d62420019','Green fields Colony','New Delhi','Student_5_5',NULL,NULL,NULL,'LastName_5','9971156315',120003,NULL,'f374e8aa44478d4a0144478d623d0008'),('f374e8aa44478d4a0144478d6242001d','Green fields Colony','New Delhi','Student_6_6',NULL,NULL,NULL,'LastName_6','9971156315',120003,NULL,'f374e8aa44478d4a0144478d623d0008'),('f374e8aa44478d4a0144478d62420022','Green fields Colony','New Delhi','Student_7_7',NULL,NULL,NULL,'LastName_7','9971156315',120003,NULL,'f374e8aa44478d4a0144478d623d0008'),('f374e8aa44478d4a0144478d62420023','Green fields Colony','New Delhi','Student_8_8',NULL,NULL,NULL,'LastName_8','9971156315',120003,NULL,'f374e8aa44478d4a0144478d623d0008'),('f374e8aa44478d4a0144478d62420024','Green fields Colony','New Delhi','Student_9_9',NULL,NULL,NULL,'LastName_9','9971156315',120003,NULL,'f374e8aa44478d4a0144478d623d0008'),('f374e8aa44478d4a0144478d62420025','Green fields Colony','New Delhi','Student_10_10',NULL,NULL,NULL,'LastName_10','9971156315',120003,NULL,'f374e8aa44478d4a0144478d623d0008'),('f374e8aa44478d4a0144478d62420026','Green fields Colony','New Delhi','Student_11_11',NULL,NULL,NULL,'LastName_11','9971156315',120003,NULL,'f374e8aa44478d4a0144478d623d0008'),('f374e8aa44478d4a0144478d62420027','Green fields Colony','New Delhi','Student_12_12',NULL,NULL,NULL,'LastName_12','9971156315',120003,NULL,'f374e8aa44478d4a0144478d623d0008'),('f374e8aa44478d4a0144478d62420028','Green fields Colony','New Delhi','Student_13_13',NULL,NULL,NULL,'LastName_13','9971156315',120003,NULL,'f374e8aa44478d4a0144478d623d0008'),('f374e8aa44478d4a0144478d62420029','Green fields Colony','New Delhi','Student_14_14',NULL,NULL,NULL,'LastName_14','9971156315',120003,NULL,'f374e8aa44478d4a0144478d623d0008'),('f374e8aa44478d4a0144478d6247002a','Green fields Colony','New Delhi','Student_15_15',NULL,NULL,NULL,'LastName_15','9971156315',120003,NULL,'f374e8aa44478d4a0144478d623d0008'),('f374e8aa44478d4a0144478d6247002b','Green fields Colony','New Delhi','Student_16_16',NULL,NULL,NULL,'LastName_16','9971156315',120003,NULL,'f374e8aa44478d4a0144478d623d0008'),('f374e8aa44478d4a0144478d6247002c','Green fields Colony','New Delhi','Student_17_17',NULL,NULL,NULL,'LastName_17','9971156315',120003,NULL,'f374e8aa44478d4a0144478d623d0008'),('f374e8aa44478d4a0144478d6247002d','Green fields Colony','New Delhi','Student_18_18',NULL,NULL,NULL,'LastName_18','9971156315',120003,NULL,'f374e8aa44478d4a0144478d623d0008'),('f374e8aa44478d4a0144478d6247002e','Green fields Colony','New Delhi','Student_19_19',NULL,NULL,NULL,'LastName_19','9971156315',120003,NULL,'f374e8aa44478d4a0144478d623d0008'),('f374e8aa44478d4a0144478d6247002f','Green fields Colony','New Delhi','Student_20_20',NULL,NULL,NULL,'LastName_20','9971156315',120003,NULL,'f374e8aa44478d4a0144478d623d0008'),('f374e8aa44478d4a0144478d62470030','Green fields Colony','New Delhi','Student_21_21',NULL,NULL,NULL,'LastName_21','9971156315',120003,NULL,'f374e8aa44478d4a0144478d623d0008'),('f374e8aa44478d4a0144478d62470031','Green fields Colony','New Delhi','Student_22_22',NULL,NULL,NULL,'LastName_22','9971156315',120003,NULL,'f374e8aa44478d4a0144478d623d0008'),('f374e8aa44478d4a0144478d62470032','Green fields Colony','New Delhi','Student_23_23',NULL,NULL,NULL,'LastName_23','9971156315',120003,NULL,'f374e8aa44478d4a0144478d623d0008'),('f374e8aa44478d4a0144478d62470033','Green fields Colony','New Delhi','Student_24_24',NULL,NULL,NULL,'LastName_24','9971156315',120003,NULL,'f374e8aa44478d4a0144478d623d0008'),('f374e8aa44478d4a0144478d62470034','Green fields Colony','New Delhi','Student_25_25',NULL,NULL,NULL,'LastName_25','9971156315',120003,NULL,'f374e8aa44478d4a0144478d623d0008'),('f374e8aa44478d4a0144478d62470035','Green fields Colony','New Delhi','Student_26_26',NULL,NULL,NULL,'LastName_26','9971156315',120003,NULL,'f374e8aa44478d4a0144478d623d0008'),('f374e8aa44478d4a0144478d62470036','Green fields Colony','New Delhi','Student_27_27',NULL,NULL,NULL,'LastName_27','9971156315',120003,NULL,'f374e8aa44478d4a0144478d623d0008'),('f374e8aa44478d4a0144478d62470037','Green fields Colony','New Delhi','Student_28_28',NULL,NULL,NULL,'LastName_28','9971156315',120003,NULL,'f374e8aa44478d4a0144478d623d0008'),('f374e8aa44478d4a0144478d62470038','Green fields Colony','New Delhi','Student_29_29',NULL,NULL,NULL,'LastName_29','9971156315',120003,NULL,'f374e8aa44478d4a0144478d623d0008'),('f374e8aa44478d4a0144478d62470039','Green fields Colony','New Delhi','Student_30_30',NULL,NULL,NULL,'LastName_30','9971156315',120003,NULL,'f374e8aa44478d4a0144478d623d0008'),('f374e8aa44478d4a0144478d6247003a','Green fields Colony','New Delhi','Student_31_31',NULL,NULL,NULL,'LastName_31','9971156315',120003,NULL,'f374e8aa44478d4a0144478d623d0008'),('f374e8aa44478d4a0144478d624c003b','Green fields Colony','New Delhi','Student_32_32',NULL,NULL,NULL,'LastName_32','9971156315',120003,NULL,'f374e8aa44478d4a0144478d623d0008'),('f374e8aa44478d4a0144478d624c003c','Green fields Colony','New Delhi','Student_33_33',NULL,NULL,NULL,'LastName_33','9971156315',120003,NULL,'f374e8aa44478d4a0144478d623d0008'),('f374e8aa44478d4a0144478d624c003d','Green fields Colony','New Delhi','Student_34_34',NULL,NULL,NULL,'LastName_34','9971156315',120003,NULL,'f374e8aa44478d4a0144478d623d0008'),('f374e8aa44478d4a0144478d624c003e','Green fields Colony','New Delhi','Student_35_35',NULL,NULL,NULL,'LastName_35','9971156315',120003,NULL,'f374e8aa44478d4a0144478d623d0008'),('f374e8aa44478d4a0144478d624c003f','Green fields Colony','New Delhi','Student_36_36',NULL,NULL,NULL,'LastName_36','9971156315',120003,NULL,'f374e8aa44478d4a0144478d623d0008'),('f374e8aa44478d4a0144478d624c0040','Green fields Colony','New Delhi','Student_37_37',NULL,NULL,NULL,'LastName_37','9971156315',120003,NULL,'f374e8aa44478d4a0144478d623d0008'),('f374e8aa44478d4a0144478d624c0041','Green fields Colony','New Delhi','Student_38_38',NULL,NULL,NULL,'LastName_38','9971156315',120003,NULL,'f374e8aa44478d4a0144478d623d0008'),('f374e8aa44478d4a0144478d624c0042','Green fields Colony','New Delhi','Student_39_39',NULL,NULL,NULL,'LastName_39','9971156315',120003,NULL,'f374e8aa44478d4a0144478d623d0008'),('f374e8aa44478d4a0144478d624c0043','Green fields Colony','New Delhi','Student_40_40',NULL,NULL,NULL,'LastName_40','9971156315',120003,NULL,'f374e8aa44478d4a0144478d623d0008'),('f374e8aa44478d4a0144478d624c0044','Green fields Colony','New Delhi','Student_41_41',NULL,NULL,NULL,'LastName_41','9971156315',120003,NULL,'f374e8aa44478d4a0144478d623d0008'),('f374e8aa44478d4a0144478d624c0045','Green fields Colony','New Delhi','Student_42_42',NULL,NULL,NULL,'LastName_42','9971156315',120003,NULL,'f374e8aa44478d4a0144478d623d0008'),('f374e8aa44478d4a0144478d624c0046','Green fields Colony','New Delhi','Student_43_43',NULL,NULL,NULL,'LastName_43','9971156315',120003,NULL,'f374e8aa44478d4a0144478d623d0008'),('f374e8aa44478d4a0144478d624c0047','Green fields Colony','New Delhi','Student_44_44',NULL,NULL,NULL,'LastName_44','9971156315',120003,NULL,'f374e8aa44478d4a0144478d623d0008'),('f374e8aa44478d4a0144478d624c0048','Green fields Colony','New Delhi','Student_45_45',NULL,NULL,NULL,'LastName_45','9971156315',120003,NULL,'f374e8aa44478d4a0144478d623d0008'),('f374e8aa44478d4a0144478d624c0049','Green fields Colony','New Delhi','Student_46_46',NULL,NULL,NULL,'LastName_46','9971156315',120003,NULL,'f374e8aa44478d4a0144478d623d0008'),('f374e8aa44478d4a0144478d624c004a','Green fields Colony','New Delhi','Student_47_47',NULL,NULL,NULL,'LastName_47','9971156315',120003,NULL,'f374e8aa44478d4a0144478d623d0008'),('f374e8aa44478d4a0144478d624c004b','Green fields Colony','New Delhi','Student_48_48',NULL,NULL,NULL,'LastName_48','9971156315',120003,NULL,'f374e8aa44478d4a0144478d623d0008'),('f374e8aa44478d4a0144478d624c004c','Green fields Colony','New Delhi','Student_49_49',NULL,NULL,NULL,'LastName_49','9971156315',120003,NULL,'f374e8aa44478d4a0144478d623d0008'),('f374e8aa44478d4a0144478d6251004d','Green fields Colony','New Delhi','Student_50_50',NULL,NULL,NULL,'LastName_50','9971156315',120003,NULL,'f374e8aa44478d4a0144478d623d0008'),('f374e8aa44478d9f0144478db5e70009','Green fields Colony','New Delhi','Student_1_1',NULL,NULL,NULL,'LastName_1','9971156315',120003,NULL,'f374e8aa44478d9f0144478db5e70008'),('f374e8aa44478d9f0144478db5ec000e','Green fields Colony','New Delhi','Student_2_2',NULL,NULL,NULL,'LastName_2','9971156315',120003,NULL,'f374e8aa44478d9f0144478db5e70008'),('f374e8aa44478d9f0144478db5ec0012','Green fields Colony','New Delhi','Student_3_3',NULL,NULL,NULL,'LastName_3','9971156315',120003,NULL,'f374e8aa44478d9f0144478db5e70008'),('f374e8aa44478d9f0144478db5ec0016','Green fields Colony','New Delhi','Student_4_4',NULL,NULL,NULL,'LastName_4','9971156315',120003,NULL,'f374e8aa44478d9f0144478db5e70008'),('f374e8aa44478d9f0144478db5ec0019','Green fields Colony','New Delhi','Student_5_5',NULL,NULL,NULL,'LastName_5','9971156315',120003,NULL,'f374e8aa44478d9f0144478db5e70008'),('f374e8aa44478d9f0144478db5ec001d','Green fields Colony','New Delhi','Student_6_6',NULL,NULL,NULL,'LastName_6','9971156315',120003,NULL,'f374e8aa44478d9f0144478db5e70008'),('f374e8aa44478d9f0144478db5f10022','Green fields Colony','New Delhi','Student_7_7',NULL,NULL,NULL,'LastName_7','9971156315',120003,NULL,'f374e8aa44478d9f0144478db5e70008'),('f374e8aa44478d9f0144478db5f10023','Green fields Colony','New Delhi','Student_8_8',NULL,NULL,NULL,'LastName_8','9971156315',120003,NULL,'f374e8aa44478d9f0144478db5e70008'),('f374e8aa44478d9f0144478db5f10024','Green fields Colony','New Delhi','Student_9_9',NULL,NULL,NULL,'LastName_9','9971156315',120003,NULL,'f374e8aa44478d9f0144478db5e70008'),('f374e8aa44478d9f0144478db5f10025','Green fields Colony','New Delhi','Student_10_10',NULL,NULL,NULL,'LastName_10','9971156315',120003,NULL,'f374e8aa44478d9f0144478db5e70008'),('f374e8aa44478d9f0144478db5f10026','Green fields Colony','New Delhi','Student_11_11',NULL,NULL,NULL,'LastName_11','9971156315',120003,NULL,'f374e8aa44478d9f0144478db5e70008'),('f374e8aa44478d9f0144478db5f10027','Green fields Colony','New Delhi','Student_12_12',NULL,NULL,NULL,'LastName_12','9971156315',120003,NULL,'f374e8aa44478d9f0144478db5e70008'),('f374e8aa44478d9f0144478db5f10028','Green fields Colony','New Delhi','Student_13_13',NULL,NULL,NULL,'LastName_13','9971156315',120003,NULL,'f374e8aa44478d9f0144478db5e70008'),('f374e8aa44478d9f0144478db5f10029','Green fields Colony','New Delhi','Student_14_14',NULL,NULL,NULL,'LastName_14','9971156315',120003,NULL,'f374e8aa44478d9f0144478db5e70008'),('f374e8aa44478d9f0144478db5f1002a','Green fields Colony','New Delhi','Student_15_15',NULL,NULL,NULL,'LastName_15','9971156315',120003,NULL,'f374e8aa44478d9f0144478db5e70008'),('f374e8aa44478d9f0144478db5f1002b','Green fields Colony','New Delhi','Student_16_16',NULL,NULL,NULL,'LastName_16','9971156315',120003,NULL,'f374e8aa44478d9f0144478db5e70008'),('f374e8aa44478d9f0144478db5f1002c','Green fields Colony','New Delhi','Student_17_17',NULL,NULL,NULL,'LastName_17','9971156315',120003,NULL,'f374e8aa44478d9f0144478db5e70008'),('f374e8aa44478d9f0144478db5f1002d','Green fields Colony','New Delhi','Student_18_18',NULL,NULL,NULL,'LastName_18','9971156315',120003,NULL,'f374e8aa44478d9f0144478db5e70008'),('f374e8aa44478d9f0144478db5f6002e','Green fields Colony','New Delhi','Student_19_19',NULL,NULL,NULL,'LastName_19','9971156315',120003,NULL,'f374e8aa44478d9f0144478db5e70008'),('f374e8aa44478d9f0144478db5f6002f','Green fields Colony','New Delhi','Student_20_20',NULL,NULL,NULL,'LastName_20','9971156315',120003,NULL,'f374e8aa44478d9f0144478db5e70008'),('f374e8aa44478d9f0144478db5f60030','Green fields Colony','New Delhi','Student_21_21',NULL,NULL,NULL,'LastName_21','9971156315',120003,NULL,'f374e8aa44478d9f0144478db5e70008'),('f374e8aa44478d9f0144478db5f60031','Green fields Colony','New Delhi','Student_22_22',NULL,NULL,NULL,'LastName_22','9971156315',120003,NULL,'f374e8aa44478d9f0144478db5e70008'),('f374e8aa44478d9f0144478db5f60032','Green fields Colony','New Delhi','Student_23_23',NULL,NULL,NULL,'LastName_23','9971156315',120003,NULL,'f374e8aa44478d9f0144478db5e70008'),('f374e8aa44478d9f0144478db5f60033','Green fields Colony','New Delhi','Student_24_24',NULL,NULL,NULL,'LastName_24','9971156315',120003,NULL,'f374e8aa44478d9f0144478db5e70008'),('f374e8aa44478d9f0144478db5f60034','Green fields Colony','New Delhi','Student_25_25',NULL,NULL,NULL,'LastName_25','9971156315',120003,NULL,'f374e8aa44478d9f0144478db5e70008'),('f374e8aa44478d9f0144478db5f60035','Green fields Colony','New Delhi','Student_26_26',NULL,NULL,NULL,'LastName_26','9971156315',120003,NULL,'f374e8aa44478d9f0144478db5e70008'),('f374e8aa44478d9f0144478db5f60036','Green fields Colony','New Delhi','Student_27_27',NULL,NULL,NULL,'LastName_27','9971156315',120003,NULL,'f374e8aa44478d9f0144478db5e70008'),('f374e8aa44478d9f0144478db5f60037','Green fields Colony','New Delhi','Student_28_28',NULL,NULL,NULL,'LastName_28','9971156315',120003,NULL,'f374e8aa44478d9f0144478db5e70008'),('f374e8aa44478d9f0144478db5f60038','Green fields Colony','New Delhi','Student_29_29',NULL,NULL,NULL,'LastName_29','9971156315',120003,NULL,'f374e8aa44478d9f0144478db5e70008'),('f374e8aa44478d9f0144478db5f60039','Green fields Colony','New Delhi','Student_30_30',NULL,NULL,NULL,'LastName_30','9971156315',120003,NULL,'f374e8aa44478d9f0144478db5e70008'),('f374e8aa44478d9f0144478db5f6003a','Green fields Colony','New Delhi','Student_31_31',NULL,NULL,NULL,'LastName_31','9971156315',120003,NULL,'f374e8aa44478d9f0144478db5e70008'),('f374e8aa44478d9f0144478db5f6003b','Green fields Colony','New Delhi','Student_32_32',NULL,NULL,NULL,'LastName_32','9971156315',120003,NULL,'f374e8aa44478d9f0144478db5e70008'),('f374e8aa44478d9f0144478db5fb003c','Green fields Colony','New Delhi','Student_33_33',NULL,NULL,NULL,'LastName_33','9971156315',120003,NULL,'f374e8aa44478d9f0144478db5e70008'),('f374e8aa44478d9f0144478db5fb003d','Green fields Colony','New Delhi','Student_34_34',NULL,NULL,NULL,'LastName_34','9971156315',120003,NULL,'f374e8aa44478d9f0144478db5e70008'),('f374e8aa44478d9f0144478db5fb003e','Green fields Colony','New Delhi','Student_35_35',NULL,NULL,NULL,'LastName_35','9971156315',120003,NULL,'f374e8aa44478d9f0144478db5e70008'),('f374e8aa44478d9f0144478db5fb003f','Green fields Colony','New Delhi','Student_36_36',NULL,NULL,NULL,'LastName_36','9971156315',120003,NULL,'f374e8aa44478d9f0144478db5e70008'),('f374e8aa44478d9f0144478db5fb0040','Green fields Colony','New Delhi','Student_37_37',NULL,NULL,NULL,'LastName_37','9971156315',120003,NULL,'f374e8aa44478d9f0144478db5e70008'),('f374e8aa44478d9f0144478db5fb0041','Green fields Colony','New Delhi','Student_38_38',NULL,NULL,NULL,'LastName_38','9971156315',120003,NULL,'f374e8aa44478d9f0144478db5e70008'),('f374e8aa44478d9f0144478db5fb0042','Green fields Colony','New Delhi','Student_39_39',NULL,NULL,NULL,'LastName_39','9971156315',120003,NULL,'f374e8aa44478d9f0144478db5e70008'),('f374e8aa44478d9f0144478db5fb0043','Green fields Colony','New Delhi','Student_40_40',NULL,NULL,NULL,'LastName_40','9971156315',120003,NULL,'f374e8aa44478d9f0144478db5e70008'),('f374e8aa44478d9f0144478db5fb0044','Green fields Colony','New Delhi','Student_41_41',NULL,NULL,NULL,'LastName_41','9971156315',120003,NULL,'f374e8aa44478d9f0144478db5e70008'),('f374e8aa44478d9f0144478db5fb0045','Green fields Colony','New Delhi','Student_42_42',NULL,NULL,NULL,'LastName_42','9971156315',120003,NULL,'f374e8aa44478d9f0144478db5e70008'),('f374e8aa44478d9f0144478db5fb0046','Green fields Colony','New Delhi','Student_43_43',NULL,NULL,NULL,'LastName_43','9971156315',120003,NULL,'f374e8aa44478d9f0144478db5e70008'),('f374e8aa44478d9f0144478db5fb0047','Green fields Colony','New Delhi','Student_44_44',NULL,NULL,NULL,'LastName_44','9971156315',120003,NULL,'f374e8aa44478d9f0144478db5e70008'),('f374e8aa44478d9f0144478db5fb0048','Green fields Colony','New Delhi','Student_45_45',NULL,NULL,NULL,'LastName_45','9971156315',120003,NULL,'f374e8aa44478d9f0144478db5e70008'),('f374e8aa44478d9f0144478db5fb0049','Green fields Colony','New Delhi','Student_46_46',NULL,NULL,NULL,'LastName_46','9971156315',120003,NULL,'f374e8aa44478d9f0144478db5e70008'),('f374e8aa44478d9f0144478db5fb004a','Green fields Colony','New Delhi','Student_47_47',NULL,NULL,NULL,'LastName_47','9971156315',120003,NULL,'f374e8aa44478d9f0144478db5e70008'),('f374e8aa44478d9f0144478db600004b','Green fields Colony','New Delhi','Student_48_48',NULL,NULL,NULL,'LastName_48','9971156315',120003,NULL,'f374e8aa44478d9f0144478db5e70008'),('f374e8aa44478d9f0144478db600004c','Green fields Colony','New Delhi','Student_49_49',NULL,NULL,NULL,'LastName_49','9971156315',120003,NULL,'f374e8aa44478d9f0144478db5e70008'),('f374e8aa44478d9f0144478db600004d','Green fields Colony','New Delhi','Student_50_50',NULL,NULL,NULL,'LastName_50','9971156315',120003,NULL,'f374e8aa44478d9f0144478db5e70008'),('f374e8aa44478e350144478e45960009','Green fields Colony','New Delhi','Student_1_1',NULL,NULL,NULL,'LastName_1','9971156315',120003,NULL,'f374e8aa44478e350144478e45960008'),('f374e8aa44478e350144478e4596000e','Green fields Colony','New Delhi','Student_2_2',NULL,NULL,NULL,'LastName_2','9971156315',120003,NULL,'f374e8aa44478e350144478e45960008'),('f374e8aa44478e350144478e45960012','Green fields Colony','New Delhi','Student_3_3',NULL,NULL,NULL,'LastName_3','9971156315',120003,NULL,'f374e8aa44478e350144478e45960008'),('f374e8aa44478e350144478e45960016','Green fields Colony','New Delhi','Student_4_4',NULL,NULL,NULL,'LastName_4','9971156315',120003,NULL,'f374e8aa44478e350144478e45960008'),('f374e8aa44478e350144478e45960019','Green fields Colony','New Delhi','Student_5_5',NULL,NULL,NULL,'LastName_5','9971156315',120003,NULL,'f374e8aa44478e350144478e45960008'),('f374e8aa44478e350144478e459b001d','Green fields Colony','New Delhi','Student_6_6',NULL,NULL,NULL,'LastName_6','9971156315',120003,NULL,'f374e8aa44478e350144478e45960008'),('f374e8aa44478e350144478e459b0022','Green fields Colony','New Delhi','Student_7_7',NULL,NULL,NULL,'LastName_7','9971156315',120003,NULL,'f374e8aa44478e350144478e45960008'),('f374e8aa44478e350144478e459b0023','Green fields Colony','New Delhi','Student_8_8',NULL,NULL,NULL,'LastName_8','9971156315',120003,NULL,'f374e8aa44478e350144478e45960008'),('f374e8aa44478e350144478e459b0024','Green fields Colony','New Delhi','Student_9_9',NULL,NULL,NULL,'LastName_9','9971156315',120003,NULL,'f374e8aa44478e350144478e45960008'),('f374e8aa44478e350144478e459b0025','Green fields Colony','New Delhi','Student_10_10',NULL,NULL,NULL,'LastName_10','9971156315',120003,NULL,'f374e8aa44478e350144478e45960008'),('f374e8aa44478e350144478e459b0026','Green fields Colony','New Delhi','Student_11_11',NULL,NULL,NULL,'LastName_11','9971156315',120003,NULL,'f374e8aa44478e350144478e45960008'),('f374e8aa44478e350144478e459b0027','Green fields Colony','New Delhi','Student_12_12',NULL,NULL,NULL,'LastName_12','9971156315',120003,NULL,'f374e8aa44478e350144478e45960008'),('f374e8aa44478e350144478e459b0028','Green fields Colony','New Delhi','Student_13_13',NULL,NULL,NULL,'LastName_13','9971156315',120003,NULL,'f374e8aa44478e350144478e45960008'),('f374e8aa44478e350144478e459b0029','Green fields Colony','New Delhi','Student_14_14',NULL,NULL,NULL,'LastName_14','9971156315',120003,NULL,'f374e8aa44478e350144478e45960008'),('f374e8aa44478e350144478e459b002a','Green fields Colony','New Delhi','Student_15_15',NULL,NULL,NULL,'LastName_15','9971156315',120003,NULL,'f374e8aa44478e350144478e45960008'),('f374e8aa44478e350144478e459b002b','Green fields Colony','New Delhi','Student_16_16',NULL,NULL,NULL,'LastName_16','9971156315',120003,NULL,'f374e8aa44478e350144478e45960008'),('f374e8aa44478e350144478e45a0002c','Green fields Colony','New Delhi','Student_17_17',NULL,NULL,NULL,'LastName_17','9971156315',120003,NULL,'f374e8aa44478e350144478e45960008'),('f374e8aa44478e350144478e45a0002d','Green fields Colony','New Delhi','Student_18_18',NULL,NULL,NULL,'LastName_18','9971156315',120003,NULL,'f374e8aa44478e350144478e45960008'),('f374e8aa44478e350144478e45a0002e','Green fields Colony','New Delhi','Student_19_19',NULL,NULL,NULL,'LastName_19','9971156315',120003,NULL,'f374e8aa44478e350144478e45960008'),('f374e8aa44478e350144478e45a0002f','Green fields Colony','New Delhi','Student_20_20',NULL,NULL,NULL,'LastName_20','9971156315',120003,NULL,'f374e8aa44478e350144478e45960008'),('f374e8aa44478e350144478e45a00030','Green fields Colony','New Delhi','Student_21_21',NULL,NULL,NULL,'LastName_21','9971156315',120003,NULL,'f374e8aa44478e350144478e45960008'),('f374e8aa44478e350144478e45a00031','Green fields Colony','New Delhi','Student_22_22',NULL,NULL,NULL,'LastName_22','9971156315',120003,NULL,'f374e8aa44478e350144478e45960008'),('f374e8aa44478e350144478e45a00032','Green fields Colony','New Delhi','Student_23_23',NULL,NULL,NULL,'LastName_23','9971156315',120003,NULL,'f374e8aa44478e350144478e45960008'),('f374e8aa44478e350144478e45a00033','Green fields Colony','New Delhi','Student_24_24',NULL,NULL,NULL,'LastName_24','9971156315',120003,NULL,'f374e8aa44478e350144478e45960008'),('f374e8aa44478e350144478e45a00034','Green fields Colony','New Delhi','Student_25_25',NULL,NULL,NULL,'LastName_25','9971156315',120003,NULL,'f374e8aa44478e350144478e45960008'),('f374e8aa44478e350144478e45a00035','Green fields Colony','New Delhi','Student_26_26',NULL,NULL,NULL,'LastName_26','9971156315',120003,NULL,'f374e8aa44478e350144478e45960008'),('f374e8aa44478e350144478e45a00036','Green fields Colony','New Delhi','Student_27_27',NULL,NULL,NULL,'LastName_27','9971156315',120003,NULL,'f374e8aa44478e350144478e45960008'),('f374e8aa44478e350144478e45a00037','Green fields Colony','New Delhi','Student_28_28',NULL,NULL,NULL,'LastName_28','9971156315',120003,NULL,'f374e8aa44478e350144478e45960008'),('f374e8aa44478e350144478e45a00038','Green fields Colony','New Delhi','Student_29_29',NULL,NULL,NULL,'LastName_29','9971156315',120003,NULL,'f374e8aa44478e350144478e45960008'),('f374e8aa44478e350144478e45a50039','Green fields Colony','New Delhi','Student_30_30',NULL,NULL,NULL,'LastName_30','9971156315',120003,NULL,'f374e8aa44478e350144478e45960008'),('f374e8aa44478e350144478e45a5003a','Green fields Colony','New Delhi','Student_31_31',NULL,NULL,NULL,'LastName_31','9971156315',120003,NULL,'f374e8aa44478e350144478e45960008'),('f374e8aa44478e350144478e45a5003b','Green fields Colony','New Delhi','Student_32_32',NULL,NULL,NULL,'LastName_32','9971156315',120003,NULL,'f374e8aa44478e350144478e45960008'),('f374e8aa44478e350144478e45a5003c','Green fields Colony','New Delhi','Student_33_33',NULL,NULL,NULL,'LastName_33','9971156315',120003,NULL,'f374e8aa44478e350144478e45960008'),('f374e8aa44478e350144478e45a5003d','Green fields Colony','New Delhi','Student_34_34',NULL,NULL,NULL,'LastName_34','9971156315',120003,NULL,'f374e8aa44478e350144478e45960008'),('f374e8aa44478e350144478e45a5003e','Green fields Colony','New Delhi','Student_35_35',NULL,NULL,NULL,'LastName_35','9971156315',120003,NULL,'f374e8aa44478e350144478e45960008'),('f374e8aa44478e350144478e45a5003f','Green fields Colony','New Delhi','Student_36_36',NULL,NULL,NULL,'LastName_36','9971156315',120003,NULL,'f374e8aa44478e350144478e45960008'),('f374e8aa44478e350144478e45a50040','Green fields Colony','New Delhi','Student_37_37',NULL,NULL,NULL,'LastName_37','9971156315',120003,NULL,'f374e8aa44478e350144478e45960008'),('f374e8aa44478e350144478e45a50041','Green fields Colony','New Delhi','Student_38_38',NULL,NULL,NULL,'LastName_38','9971156315',120003,NULL,'f374e8aa44478e350144478e45960008'),('f374e8aa44478e350144478e45a50042','Green fields Colony','New Delhi','Student_39_39',NULL,NULL,NULL,'LastName_39','9971156315',120003,NULL,'f374e8aa44478e350144478e45960008'),('f374e8aa44478e350144478e45a50043','Green fields Colony','New Delhi','Student_40_40',NULL,NULL,NULL,'LastName_40','9971156315',120003,NULL,'f374e8aa44478e350144478e45960008'),('f374e8aa44478e350144478e45a50044','Green fields Colony','New Delhi','Student_41_41',NULL,NULL,NULL,'LastName_41','9971156315',120003,NULL,'f374e8aa44478e350144478e45960008'),('f374e8aa44478e350144478e45a50045','Green fields Colony','New Delhi','Student_42_42',NULL,NULL,NULL,'LastName_42','9971156315',120003,NULL,'f374e8aa44478e350144478e45960008'),('f374e8aa44478e350144478e45a50046','Green fields Colony','New Delhi','Student_43_43',NULL,NULL,NULL,'LastName_43','9971156315',120003,NULL,'f374e8aa44478e350144478e45960008'),('f374e8aa44478e350144478e45a50047','Green fields Colony','New Delhi','Student_44_44',NULL,NULL,NULL,'LastName_44','9971156315',120003,NULL,'f374e8aa44478e350144478e45960008'),('f374e8aa44478e350144478e45aa0048','Green fields Colony','New Delhi','Student_45_45',NULL,NULL,NULL,'LastName_45','9971156315',120003,NULL,'f374e8aa44478e350144478e45960008'),('f374e8aa44478e350144478e45aa0049','Green fields Colony','New Delhi','Student_46_46',NULL,NULL,NULL,'LastName_46','9971156315',120003,NULL,'f374e8aa44478e350144478e45960008'),('f374e8aa44478e350144478e45aa004a','Green fields Colony','New Delhi','Student_47_47',NULL,NULL,NULL,'LastName_47','9971156315',120003,NULL,'f374e8aa44478e350144478e45960008'),('f374e8aa44478e350144478e45aa004b','Green fields Colony','New Delhi','Student_48_48',NULL,NULL,NULL,'LastName_48','9971156315',120003,NULL,'f374e8aa44478e350144478e45960008'),('f374e8aa44478e350144478e45aa004c','Green fields Colony','New Delhi','Student_49_49',NULL,NULL,NULL,'LastName_49','9971156315',120003,NULL,'f374e8aa44478e350144478e45960008'),('f374e8aa44478e350144478e45aa004d','Green fields Colony','New Delhi','Student_50_50',NULL,NULL,NULL,'LastName_50','9971156315',120003,NULL,'f374e8aa44478e350144478e45960008');

/*Table structure for table `subject` */

DROP TABLE IF EXISTS `subject`;

CREATE TABLE `subject` (
  `ID` varchar(255) NOT NULL,
  `SUBJECT_DESCRIPTION` varchar(255) NOT NULL,
  `SUBJECT_NAME` varchar(255) NOT NULL,
  `currentProgressPlan_ID` varchar(255) DEFAULT NULL,
  `FACULTY_ID` varchar(255) DEFAULT NULL,
  `projectedProgressPlan_ID` varchar(255) DEFAULT NULL,
  `STANDARD_ID` varchar(255) DEFAULT NULL,
  `SUBJECT_ID` varchar(255) NOT NULL,
  PRIMARY KEY (`ID`),
  KEY `FKBB75E10CBEB8DF04` (`STANDARD_ID`),
  KEY `FKBB75E10CD3CB6F90` (`FACULTY_ID`),
  KEY `FKBB75E10C754E2910` (`projectedProgressPlan_ID`),
  KEY `FKBB75E10C450E8AF0` (`currentProgressPlan_ID`),
  CONSTRAINT `FKBB75E10C450E8AF0` FOREIGN KEY (`currentProgressPlan_ID`) REFERENCES `currentprogressplan` (`ID`),
  CONSTRAINT `FKBB75E10C754E2910` FOREIGN KEY (`projectedProgressPlan_ID`) REFERENCES `projectedprogressplan` (`ID`),
  CONSTRAINT `FKBB75E10CBEB8DF04` FOREIGN KEY (`STANDARD_ID`) REFERENCES `standard` (`ID`),
  CONSTRAINT `FKBB75E10CD3CB6F90` FOREIGN KEY (`FACULTY_ID`) REFERENCES `faculty` (`ID`)
) ENGINE=InnoDB DEFAULT CHARSET=utf8;

/*Data for the table `subject` */

insert  into `subject`(`ID`,`SUBJECT_DESCRIPTION`,`SUBJECT_NAME`,`currentProgressPlan_ID`,`FACULTY_ID`,`projectedProgressPlan_ID`,`STANDARD_ID`,`SUBJECT_ID`) values ('f374e8aa444785eb0144478613e8000a','Mathematics','Maths',NULL,'f374e8aa444785eb0144478613e80007',NULL,'f374e8aa444785eb0144478613e80008',''),('f374e8aa444785eb0144478613ed000f','English Language','English',NULL,'f374e8aa444785eb0144478613e80003',NULL,'f374e8aa444785eb0144478613e80008',''),('f374e8aa444785eb0144478613ed0013','Accounting and calculation','Accounts',NULL,'f374e8aa444785eb0144478613e80005',NULL,'f374e8aa444785eb0144478613e80008',''),('f374e8aa444785eb0144478613ed0017','Economics Growth','Economics',NULL,'f374e8aa444785eb0144478613e30002',NULL,'f374e8aa444785eb0144478613e80008',''),('f374e8aa444785eb0144478613ed001a','Business Studies','Business Studies',NULL,'f374e8aa444785eb0144478613e80006',NULL,'f374e8aa444785eb0144478613e80008',''),('f374e8aa444785eb0144478613f2001e','Physical Education, Games, Cricket','Physical Education',NULL,'f374e8aa444785eb0144478613e80004',NULL,'f374e8aa444785eb0144478613e80008',''),('f374e8aa44478a8c0144478aa999000a','Mathematics','Maths',NULL,'f374e8aa44478a8c0144478aa9940007',NULL,'f374e8aa44478a8c0144478aa9940008',''),('f374e8aa44478a8c0144478aa999000f','English Language','English',NULL,'f374e8aa44478a8c0144478aa9940003',NULL,'f374e8aa44478a8c0144478aa9940008',''),('f374e8aa44478a8c0144478aa9990013','Accounting and calculation','Accounts',NULL,'f374e8aa44478a8c0144478aa9940005',NULL,'f374e8aa44478a8c0144478aa9940008',''),('f374e8aa44478a8c0144478aa9990017','Economics Growth','Economics',NULL,'f374e8aa44478a8c0144478aa9940002',NULL,'f374e8aa44478a8c0144478aa9940008',''),('f374e8aa44478a8c0144478aa999001a','Business Studies','Business Studies',NULL,'f374e8aa44478a8c0144478aa9940006',NULL,'f374e8aa44478a8c0144478aa9940008',''),('f374e8aa44478a8c0144478aa99e001e','Physical Education, Games, Cricket','Physical Education',NULL,'f374e8aa44478a8c0144478aa9940004',NULL,'f374e8aa44478a8c0144478aa9940008',''),('f374e8aa44478b110144478b2ea4000a','Mathematics','Maths',NULL,'f374e8aa44478b110144478b2ea40007',NULL,'f374e8aa44478b110144478b2ea40008',''),('f374e8aa44478b110144478b2ea9000f','English Language','English',NULL,'f374e8aa44478b110144478b2ea40003',NULL,'f374e8aa44478b110144478b2ea40008',''),('f374e8aa44478b110144478b2ea90013','Accounting and calculation','Accounts',NULL,'f374e8aa44478b110144478b2ea40005',NULL,'f374e8aa44478b110144478b2ea40008',''),('f374e8aa44478b110144478b2ea90017','Economics Growth','Economics',NULL,'f374e8aa44478b110144478b2ea40002',NULL,'f374e8aa44478b110144478b2ea40008',''),('f374e8aa44478b110144478b2ea9001a','Business Studies','Business Studies',NULL,'f374e8aa44478b110144478b2ea40006',NULL,'f374e8aa44478b110144478b2ea40008',''),('f374e8aa44478b110144478b2eae001e','Physical Education, Games, Cricket','Physical Education',NULL,'f374e8aa44478b110144478b2ea40004',NULL,'f374e8aa44478b110144478b2ea40008',''),('f374e8aa44478c040144478c1c4c000a','Mathematics','Maths',NULL,'f374e8aa44478c040144478c1c4c0007',NULL,'f374e8aa44478c040144478c1c4c0008',''),('f374e8aa44478c040144478c1c51000f','English Language','English',NULL,'f374e8aa44478c040144478c1c4c0003',NULL,'f374e8aa44478c040144478c1c4c0008',''),('f374e8aa44478c040144478c1c510013','Accounting and calculation','Accounts',NULL,'f374e8aa44478c040144478c1c4c0005',NULL,'f374e8aa44478c040144478c1c4c0008',''),('f374e8aa44478c040144478c1c510017','Economics Growth','Economics',NULL,'f374e8aa44478c040144478c1c4c0002',NULL,'f374e8aa44478c040144478c1c4c0008',''),('f374e8aa44478c040144478c1c51001a','Business Studies','Business Studies',NULL,'f374e8aa44478c040144478c1c4c0006',NULL,'f374e8aa44478c040144478c1c4c0008',''),('f374e8aa44478c040144478c1c56001e','Physical Education, Games, Cricket','Physical Education',NULL,'f374e8aa44478c040144478c1c4c0004',NULL,'f374e8aa44478c040144478c1c4c0008',''),('f374e8aa44478cd20144478ce541000a','Mathematics','Maths',NULL,'f374e8aa44478cd20144478ce5410007',NULL,'f374e8aa44478cd20144478ce5410008',''),('f374e8aa44478cd20144478ce541000f','English Language','English',NULL,'f374e8aa44478cd20144478ce53c0003',NULL,'f374e8aa44478cd20144478ce5410008',''),('f374e8aa44478cd20144478ce5460013','Accounting and calculation','Accounts',NULL,'f374e8aa44478cd20144478ce5410005',NULL,'f374e8aa44478cd20144478ce5410008',''),('f374e8aa44478cd20144478ce5460017','Economics Growth','Economics',NULL,'f374e8aa44478cd20144478ce53c0002',NULL,'f374e8aa44478cd20144478ce5410008',''),('f374e8aa44478cd20144478ce546001a','Business Studies','Business Studies',NULL,'f374e8aa44478cd20144478ce5410006',NULL,'f374e8aa44478cd20144478ce5410008',''),('f374e8aa44478cd20144478ce546001e','Physical Education, Games, Cricket','Physical Education',NULL,'f374e8aa44478cd20144478ce53c0004',NULL,'f374e8aa44478cd20144478ce5410008',''),('f374e8aa44478d4a0144478d623d000a','Mathematics','Maths',NULL,'f374e8aa44478d4a0144478d623d0007',NULL,'f374e8aa44478d4a0144478d623d0008',''),('f374e8aa44478d4a0144478d623d000f','English Language','English',NULL,'f374e8aa44478d4a0144478d623d0003',NULL,'f374e8aa44478d4a0144478d623d0008',''),('f374e8aa44478d4a0144478d623d0013','Accounting and calculation','Accounts',NULL,'f374e8aa44478d4a0144478d623d0005',NULL,'f374e8aa44478d4a0144478d623d0008',''),('f374e8aa44478d4a0144478d62420017','Economics Growth','Economics',NULL,'f374e8aa44478d4a0144478d623d0002',NULL,'f374e8aa44478d4a0144478d623d0008',''),('f374e8aa44478d4a0144478d6242001a','Business Studies','Business Studies',NULL,'f374e8aa44478d4a0144478d623d0006',NULL,'f374e8aa44478d4a0144478d623d0008',''),('f374e8aa44478d4a0144478d6242001e','Physical Education, Games, Cricket','Physical Education',NULL,'f374e8aa44478d4a0144478d623d0004',NULL,'f374e8aa44478d4a0144478d623d0008',''),('f374e8aa44478d9f0144478db5e7000a','Mathematics','Maths',NULL,'f374e8aa44478d9f0144478db5e70007',NULL,'f374e8aa44478d9f0144478db5e70008',''),('f374e8aa44478d9f0144478db5ec000f','English Language','English',NULL,'f374e8aa44478d9f0144478db5e70003',NULL,'f374e8aa44478d9f0144478db5e70008',''),('f374e8aa44478d9f0144478db5ec0013','Accounting and calculation','Accounts',NULL,'f374e8aa44478d9f0144478db5e70005',NULL,'f374e8aa44478d9f0144478db5e70008',''),('f374e8aa44478d9f0144478db5ec0017','Economics Growth','Economics',NULL,'f374e8aa44478d9f0144478db5e70002',NULL,'f374e8aa44478d9f0144478db5e70008',''),('f374e8aa44478d9f0144478db5ec001a','Business Studies','Business Studies',NULL,'f374e8aa44478d9f0144478db5e70006',NULL,'f374e8aa44478d9f0144478db5e70008',''),('f374e8aa44478d9f0144478db5f1001e','Physical Education, Games, Cricket','Physical Education',NULL,'f374e8aa44478d9f0144478db5e70004',NULL,'f374e8aa44478d9f0144478db5e70008',''),('f374e8aa44478e350144478e4596000a','Mathematics','Maths',NULL,'f374e8aa44478e350144478e45960007',NULL,'f374e8aa44478e350144478e45960008',''),('f374e8aa44478e350144478e4596000f','English Language','English',NULL,'f374e8aa44478e350144478e45910003',NULL,'f374e8aa44478e350144478e45960008',''),('f374e8aa44478e350144478e45960013','Accounting and calculation','Accounts',NULL,'f374e8aa44478e350144478e45910005',NULL,'f374e8aa44478e350144478e45960008',''),('f374e8aa44478e350144478e45960017','Economics Growth','Economics',NULL,'f374e8aa44478e350144478e45910002',NULL,'f374e8aa44478e350144478e45960008',''),('f374e8aa44478e350144478e459b001a','Business Studies','Business Studies',NULL,'f374e8aa44478e350144478e45910006',NULL,'f374e8aa44478e350144478e45960008',''),('f374e8aa44478e350144478e459b001e','Physical Education, Games, Cricket','Physical Education',NULL,'f374e8aa44478e350144478e45910004',NULL,'f374e8aa44478e350144478e45960008','');

/*Table structure for table `subject_book` */

DROP TABLE IF EXISTS `subject_book`;

CREATE TABLE `subject_book` (
  `BOOK_ID` varchar(255) NOT NULL,
  `BOOK_TYPE` varchar(255) DEFAULT NULL,
  `BOOK_TITLE` varchar(255) DEFAULT NULL,
  `SUBJECT_ID` varchar(255) DEFAULT NULL,
  PRIMARY KEY (`BOOK_ID`),
  KEY `FK31E2D23CE7F41A90` (`SUBJECT_ID`),
  CONSTRAINT `FK31E2D23CE7F41A90` FOREIGN KEY (`SUBJECT_ID`) REFERENCES `subject` (`ID`)
) ENGINE=InnoDB DEFAULT CHARSET=utf8;

/*Data for the table `subject_book` */

insert  into `subject_book`(`BOOK_ID`,`BOOK_TYPE`,`BOOK_TITLE`,`SUBJECT_ID`) values ('f374e8aa444785eb0144478613e8000b','CourseBook','Maths- Part: 0','f374e8aa444785eb0144478613e8000a'),('f374e8aa444785eb0144478613e8000c','CourseBook','Maths- Part: 1','f374e8aa444785eb0144478613e8000a'),('f374e8aa444785eb0144478613e8000d','CourseBook','Maths- Part: 2','f374e8aa444785eb0144478613e8000a'),('f374e8aa444785eb0144478613ed0010','CourseBook','English- Part: 0','f374e8aa444785eb0144478613ed000f'),('f374e8aa444785eb0144478613ed0011','CourseBook','English- Part: 1','f374e8aa444785eb0144478613ed000f'),('f374e8aa444785eb0144478613ed0014','CourseBook','Accounts- Part: 0','f374e8aa444785eb0144478613ed0013'),('f374e8aa444785eb0144478613ed0015','CourseBook','Accounts- Part: 1','f374e8aa444785eb0144478613ed0013'),('f374e8aa444785eb0144478613ed0018','CourseBook','Economics- Part: 0','f374e8aa444785eb0144478613ed0017'),('f374e8aa444785eb0144478613ed001b','CourseBook','Business Studies- Part: 0','f374e8aa444785eb0144478613ed001a'),('f374e8aa444785eb0144478613f2001c','CourseBook','Business Studies- Part: 1','f374e8aa444785eb0144478613ed001a'),('f374e8aa444785eb0144478613f2001f','CourseBook','Physical Education- Part: 0','f374e8aa444785eb0144478613f2001e'),('f374e8aa444785eb0144478613f20020','CourseBook','Physical Education- Part: 1','f374e8aa444785eb0144478613f2001e'),('f374e8aa444785eb0144478613f20021','CourseBook','Physical Education- Part: 2','f374e8aa444785eb0144478613f2001e'),('f374e8aa44478a8c0144478aa999000b','CourseBook','Maths- Part: 0','f374e8aa44478a8c0144478aa999000a'),('f374e8aa44478a8c0144478aa999000c','CourseBook','Maths- Part: 1','f374e8aa44478a8c0144478aa999000a'),('f374e8aa44478a8c0144478aa999000d','CourseBook','Maths- Part: 2','f374e8aa44478a8c0144478aa999000a'),('f374e8aa44478a8c0144478aa9990010','CourseBook','English- Part: 0','f374e8aa44478a8c0144478aa999000f'),('f374e8aa44478a8c0144478aa9990011','CourseBook','English- Part: 1','f374e8aa44478a8c0144478aa999000f'),('f374e8aa44478a8c0144478aa9990014','CourseBook','Accounts- Part: 0','f374e8aa44478a8c0144478aa9990013'),('f374e8aa44478a8c0144478aa9990015','CourseBook','Accounts- Part: 1','f374e8aa44478a8c0144478aa9990013'),('f374e8aa44478a8c0144478aa9990018','CourseBook','Economics- Part: 0','f374e8aa44478a8c0144478aa9990017'),('f374e8aa44478a8c0144478aa99e001b','CourseBook','Business Studies- Part: 0','f374e8aa44478a8c0144478aa999001a'),('f374e8aa44478a8c0144478aa99e001c','CourseBook','Business Studies- Part: 1','f374e8aa44478a8c0144478aa999001a'),('f374e8aa44478a8c0144478aa99e001f','CourseBook','Physical Education- Part: 0','f374e8aa44478a8c0144478aa99e001e'),('f374e8aa44478a8c0144478aa99e0020','CourseBook','Physical Education- Part: 1','f374e8aa44478a8c0144478aa99e001e'),('f374e8aa44478a8c0144478aa99e0021','CourseBook','Physical Education- Part: 2','f374e8aa44478a8c0144478aa99e001e'),('f374e8aa44478b110144478b2ea9000b','CourseBook','Maths- Part: 0','f374e8aa44478b110144478b2ea4000a'),('f374e8aa44478b110144478b2ea9000c','CourseBook','Maths- Part: 1','f374e8aa44478b110144478b2ea4000a'),('f374e8aa44478b110144478b2ea9000d','CourseBook','Maths- Part: 2','f374e8aa44478b110144478b2ea4000a'),('f374e8aa44478b110144478b2ea90010','CourseBook','English- Part: 0','f374e8aa44478b110144478b2ea9000f'),('f374e8aa44478b110144478b2ea90011','CourseBook','English- Part: 1','f374e8aa44478b110144478b2ea9000f'),('f374e8aa44478b110144478b2ea90014','CourseBook','Accounts- Part: 0','f374e8aa44478b110144478b2ea90013'),('f374e8aa44478b110144478b2ea90015','CourseBook','Accounts- Part: 1','f374e8aa44478b110144478b2ea90013'),('f374e8aa44478b110144478b2ea90018','CourseBook','Economics- Part: 0','f374e8aa44478b110144478b2ea90017'),('f374e8aa44478b110144478b2ea9001b','CourseBook','Business Studies- Part: 0','f374e8aa44478b110144478b2ea9001a'),('f374e8aa44478b110144478b2ea9001c','CourseBook','Business Studies- Part: 1','f374e8aa44478b110144478b2ea9001a'),('f374e8aa44478b110144478b2eae001f','CourseBook','Physical Education- Part: 0','f374e8aa44478b110144478b2eae001e'),('f374e8aa44478b110144478b2eae0020','CourseBook','Physical Education- Part: 1','f374e8aa44478b110144478b2eae001e'),('f374e8aa44478b110144478b2eae0021','CourseBook','Physical Education- Part: 2','f374e8aa44478b110144478b2eae001e'),('f374e8aa44478c040144478c1c51000b','CourseBook','Maths- Part: 0','f374e8aa44478c040144478c1c4c000a'),('f374e8aa44478c040144478c1c51000c','CourseBook','Maths- Part: 1','f374e8aa44478c040144478c1c4c000a'),('f374e8aa44478c040144478c1c51000d','CourseBook','Maths- Part: 2','f374e8aa44478c040144478c1c4c000a'),('f374e8aa44478c040144478c1c510010','CourseBook','English- Part: 0','f374e8aa44478c040144478c1c51000f'),('f374e8aa44478c040144478c1c510011','CourseBook','English- Part: 1','f374e8aa44478c040144478c1c51000f'),('f374e8aa44478c040144478c1c510014','CourseBook','Accounts- Part: 0','f374e8aa44478c040144478c1c510013'),('f374e8aa44478c040144478c1c510015','CourseBook','Accounts- Part: 1','f374e8aa44478c040144478c1c510013'),('f374e8aa44478c040144478c1c510018','CourseBook','Economics- Part: 0','f374e8aa44478c040144478c1c510017'),('f374e8aa44478c040144478c1c51001b','CourseBook','Business Studies- Part: 0','f374e8aa44478c040144478c1c51001a'),('f374e8aa44478c040144478c1c51001c','CourseBook','Business Studies- Part: 1','f374e8aa44478c040144478c1c51001a'),('f374e8aa44478c040144478c1c56001f','CourseBook','Physical Education- Part: 0','f374e8aa44478c040144478c1c56001e'),('f374e8aa44478c040144478c1c560020','CourseBook','Physical Education- Part: 1','f374e8aa44478c040144478c1c56001e'),('f374e8aa44478c040144478c1c560021','CourseBook','Physical Education- Part: 2','f374e8aa44478c040144478c1c56001e'),('f374e8aa44478cd20144478ce541000b','CourseBook','Maths- Part: 0','f374e8aa44478cd20144478ce541000a'),('f374e8aa44478cd20144478ce541000c','CourseBook','Maths- Part: 1','f374e8aa44478cd20144478ce541000a'),('f374e8aa44478cd20144478ce541000d','CourseBook','Maths- Part: 2','f374e8aa44478cd20144478ce541000a'),('f374e8aa44478cd20144478ce5410010','CourseBook','English- Part: 0','f374e8aa44478cd20144478ce541000f'),('f374e8aa44478cd20144478ce5410011','CourseBook','English- Part: 1','f374e8aa44478cd20144478ce541000f'),('f374e8aa44478cd20144478ce5460014','CourseBook','Accounts- Part: 0','f374e8aa44478cd20144478ce5460013'),('f374e8aa44478cd20144478ce5460015','CourseBook','Accounts- Part: 1','f374e8aa44478cd20144478ce5460013'),('f374e8aa44478cd20144478ce5460018','CourseBook','Economics- Part: 0','f374e8aa44478cd20144478ce5460017'),('f374e8aa44478cd20144478ce546001b','CourseBook','Business Studies- Part: 0','f374e8aa44478cd20144478ce546001a'),('f374e8aa44478cd20144478ce546001c','CourseBook','Business Studies- Part: 1','f374e8aa44478cd20144478ce546001a'),('f374e8aa44478cd20144478ce546001f','CourseBook','Physical Education- Part: 0','f374e8aa44478cd20144478ce546001e'),('f374e8aa44478cd20144478ce5460020','CourseBook','Physical Education- Part: 1','f374e8aa44478cd20144478ce546001e'),('f374e8aa44478cd20144478ce5460021','CourseBook','Physical Education- Part: 2','f374e8aa44478cd20144478ce546001e'),('f374e8aa44478d4a0144478d623d000b','CourseBook','Maths- Part: 0','f374e8aa44478d4a0144478d623d000a'),('f374e8aa44478d4a0144478d623d000c','CourseBook','Maths- Part: 1','f374e8aa44478d4a0144478d623d000a'),('f374e8aa44478d4a0144478d623d000d','CourseBook','Maths- Part: 2','f374e8aa44478d4a0144478d623d000a'),('f374e8aa44478d4a0144478d623d0010','CourseBook','English- Part: 0','f374e8aa44478d4a0144478d623d000f'),('f374e8aa44478d4a0144478d623d0011','CourseBook','English- Part: 1','f374e8aa44478d4a0144478d623d000f'),('f374e8aa44478d4a0144478d623d0014','CourseBook','Accounts- Part: 0','f374e8aa44478d4a0144478d623d0013'),('f374e8aa44478d4a0144478d623d0015','CourseBook','Accounts- Part: 1','f374e8aa44478d4a0144478d623d0013'),('f374e8aa44478d4a0144478d62420018','CourseBook','Economics- Part: 0','f374e8aa44478d4a0144478d62420017'),('f374e8aa44478d4a0144478d6242001b','CourseBook','Business Studies- Part: 0','f374e8aa44478d4a0144478d6242001a'),('f374e8aa44478d4a0144478d6242001c','CourseBook','Business Studies- Part: 1','f374e8aa44478d4a0144478d6242001a'),('f374e8aa44478d4a0144478d6242001f','CourseBook','Physical Education- Part: 0','f374e8aa44478d4a0144478d6242001e'),('f374e8aa44478d4a0144478d62420020','CourseBook','Physical Education- Part: 1','f374e8aa44478d4a0144478d6242001e'),('f374e8aa44478d4a0144478d62420021','CourseBook','Physical Education- Part: 2','f374e8aa44478d4a0144478d6242001e'),('f374e8aa44478d9f0144478db5ec000b','CourseBook','Maths- Part: 0','f374e8aa44478d9f0144478db5e7000a'),('f374e8aa44478d9f0144478db5ec000c','CourseBook','Maths- Part: 1','f374e8aa44478d9f0144478db5e7000a'),('f374e8aa44478d9f0144478db5ec000d','CourseBook','Maths- Part: 2','f374e8aa44478d9f0144478db5e7000a'),('f374e8aa44478d9f0144478db5ec0010','CourseBook','English- Part: 0','f374e8aa44478d9f0144478db5ec000f'),('f374e8aa44478d9f0144478db5ec0011','CourseBook','English- Part: 1','f374e8aa44478d9f0144478db5ec000f'),('f374e8aa44478d9f0144478db5ec0014','CourseBook','Accounts- Part: 0','f374e8aa44478d9f0144478db5ec0013'),('f374e8aa44478d9f0144478db5ec0015','CourseBook','Accounts- Part: 1','f374e8aa44478d9f0144478db5ec0013'),('f374e8aa44478d9f0144478db5ec0018','CourseBook','Economics- Part: 0','f374e8aa44478d9f0144478db5ec0017'),('f374e8aa44478d9f0144478db5ec001b','CourseBook','Business Studies- Part: 0','f374e8aa44478d9f0144478db5ec001a'),('f374e8aa44478d9f0144478db5ec001c','CourseBook','Business Studies- Part: 1','f374e8aa44478d9f0144478db5ec001a'),('f374e8aa44478d9f0144478db5f1001f','CourseBook','Physical Education- Part: 0','f374e8aa44478d9f0144478db5f1001e'),('f374e8aa44478d9f0144478db5f10020','CourseBook','Physical Education- Part: 1','f374e8aa44478d9f0144478db5f1001e'),('f374e8aa44478d9f0144478db5f10021','CourseBook','Physical Education- Part: 2','f374e8aa44478d9f0144478db5f1001e'),('f374e8aa44478e350144478e4596000b','CourseBook','Maths- Part: 0','f374e8aa44478e350144478e4596000a'),('f374e8aa44478e350144478e4596000c','CourseBook','Maths- Part: 1','f374e8aa44478e350144478e4596000a'),('f374e8aa44478e350144478e4596000d','CourseBook','Maths- Part: 2','f374e8aa44478e350144478e4596000a'),('f374e8aa44478e350144478e45960010','CourseBook','English- Part: 0','f374e8aa44478e350144478e4596000f'),('f374e8aa44478e350144478e45960011','CourseBook','English- Part: 1','f374e8aa44478e350144478e4596000f'),('f374e8aa44478e350144478e45960014','CourseBook','Accounts- Part: 0','f374e8aa44478e350144478e45960013'),('f374e8aa44478e350144478e45960015','CourseBook','Accounts- Part: 1','f374e8aa44478e350144478e45960013'),('f374e8aa44478e350144478e45960018','CourseBook','Economics- Part: 0','f374e8aa44478e350144478e45960017'),('f374e8aa44478e350144478e459b001b','CourseBook','Business Studies- Part: 0','f374e8aa44478e350144478e459b001a'),('f374e8aa44478e350144478e459b001c','CourseBook','Business Studies- Part: 1','f374e8aa44478e350144478e459b001a'),('f374e8aa44478e350144478e459b001f','CourseBook','Physical Education- Part: 0','f374e8aa44478e350144478e459b001e'),('f374e8aa44478e350144478e459b0020','CourseBook','Physical Education- Part: 1','f374e8aa44478e350144478e459b001e'),('f374e8aa44478e350144478e459b0021','CourseBook','Physical Education- Part: 2','f374e8aa44478e350144478e459b001e');

/*Table structure for table `subject_student` */

DROP TABLE IF EXISTS `subject_student`;

CREATE TABLE `subject_student` (
  `subjectList_ID` varchar(255) NOT NULL,
  `student_ID` varchar(255) NOT NULL,
  KEY `FKD693C9E8CBEFCC30` (`student_ID`),
  KEY `FKD693C9E8EFAD7332` (`subjectList_ID`),
  CONSTRAINT `FKD693C9E8CBEFCC30` FOREIGN KEY (`student_ID`) REFERENCES `student` (`ID`),
  CONSTRAINT `FKD693C9E8EFAD7332` FOREIGN KEY (`subjectList_ID`) REFERENCES `subject` (`ID`)
) ENGINE=InnoDB DEFAULT CHARSET=utf8;

/*Data for the table `subject_student` */

insert  into `subject_student`(`subjectList_ID`,`student_ID`) values ('f374e8aa444785eb0144478613e8000a','f374e8aa444785eb0144478613e80009'),('f374e8aa444785eb0144478613e8000a','f374e8aa444785eb0144478613e8000e'),('f374e8aa444785eb0144478613e8000a','f374e8aa444785eb0144478613ed0012'),('f374e8aa444785eb0144478613e8000a','f374e8aa444785eb0144478613ed0016'),('f374e8aa444785eb0144478613e8000a','f374e8aa444785eb0144478613ed0019'),('f374e8aa444785eb0144478613e8000a','f374e8aa444785eb0144478613f2001d'),('f374e8aa444785eb0144478613e8000a','f374e8aa444785eb0144478613f20022'),('f374e8aa444785eb0144478613e8000a','f374e8aa444785eb0144478613f20023'),('f374e8aa444785eb0144478613e8000a','f374e8aa444785eb0144478613f20024'),('f374e8aa444785eb0144478613e8000a','f374e8aa444785eb0144478613f20025'),('f374e8aa444785eb0144478613e8000a','f374e8aa444785eb0144478613f70026'),('f374e8aa444785eb0144478613e8000a','f374e8aa444785eb0144478613f70027'),('f374e8aa444785eb0144478613e8000a','f374e8aa444785eb0144478613f70028'),('f374e8aa444785eb0144478613e8000a','f374e8aa444785eb0144478613f70029'),('f374e8aa444785eb0144478613e8000a','f374e8aa444785eb0144478613f7002a'),('f374e8aa444785eb0144478613e8000a','f374e8aa444785eb0144478613f7002b'),('f374e8aa444785eb0144478613e8000a','f374e8aa444785eb0144478613f7002c'),('f374e8aa444785eb0144478613e8000a','f374e8aa444785eb0144478613f7002d'),('f374e8aa444785eb0144478613e8000a','f374e8aa444785eb0144478613fc002e'),('f374e8aa444785eb0144478613e8000a','f374e8aa444785eb0144478613fc002f'),('f374e8aa444785eb0144478613e8000a','f374e8aa444785eb0144478613fc0030'),('f374e8aa444785eb0144478613e8000a','f374e8aa444785eb0144478613fc0031'),('f374e8aa444785eb0144478613e8000a','f374e8aa444785eb0144478613fc0032'),('f374e8aa444785eb0144478613e8000a','f374e8aa444785eb0144478613fc0033'),('f374e8aa444785eb0144478613e8000a','f374e8aa444785eb0144478613fc0034'),('f374e8aa444785eb0144478613e8000a','f374e8aa444785eb0144478613fc0035'),('f374e8aa444785eb0144478613e8000a','f374e8aa444785eb0144478613fc0036'),('f374e8aa444785eb0144478613e8000a','f374e8aa444785eb0144478614010037'),('f374e8aa444785eb0144478613e8000a','f374e8aa444785eb0144478614010038'),('f374e8aa444785eb0144478613e8000a','f374e8aa444785eb0144478614010039'),('f374e8aa444785eb0144478613e8000a','f374e8aa444785eb014447861401003a'),('f374e8aa444785eb0144478613e8000a','f374e8aa444785eb014447861401003b'),('f374e8aa444785eb0144478613e8000a','f374e8aa444785eb014447861401003c'),('f374e8aa444785eb0144478613e8000a','f374e8aa444785eb014447861401003d'),('f374e8aa444785eb0144478613e8000a','f374e8aa444785eb014447861401003e'),('f374e8aa444785eb0144478613e8000a','f374e8aa444785eb014447861401003f'),('f374e8aa444785eb0144478613e8000a','f374e8aa444785eb0144478614060040'),('f374e8aa444785eb0144478613e8000a','f374e8aa444785eb0144478614060041'),('f374e8aa444785eb0144478613e8000a','f374e8aa444785eb0144478614060042'),('f374e8aa444785eb0144478613e8000a','f374e8aa444785eb0144478614060043'),('f374e8aa444785eb0144478613e8000a','f374e8aa444785eb0144478614060044'),('f374e8aa444785eb0144478613e8000a','f374e8aa444785eb0144478614060045'),('f374e8aa444785eb0144478613e8000a','f374e8aa444785eb0144478614060046'),('f374e8aa444785eb0144478613e8000a','f374e8aa444785eb0144478614060047'),('f374e8aa444785eb0144478613e8000a','f374e8aa444785eb01444786140b0048'),('f374e8aa444785eb0144478613e8000a','f374e8aa444785eb01444786140b0049'),('f374e8aa444785eb0144478613e8000a','f374e8aa444785eb01444786140b004a'),('f374e8aa444785eb0144478613e8000a','f374e8aa444785eb01444786140b004b'),('f374e8aa444785eb0144478613e8000a','f374e8aa444785eb01444786140b004c'),('f374e8aa444785eb0144478613e8000a','f374e8aa444785eb01444786140b004d'),('f374e8aa444785eb0144478613ed000f','f374e8aa444785eb0144478613e80009'),('f374e8aa444785eb0144478613ed000f','f374e8aa444785eb0144478613e8000e'),('f374e8aa444785eb0144478613ed000f','f374e8aa444785eb0144478613ed0012'),('f374e8aa444785eb0144478613ed000f','f374e8aa444785eb0144478613ed0016'),('f374e8aa444785eb0144478613ed000f','f374e8aa444785eb0144478613ed0019'),('f374e8aa444785eb0144478613ed000f','f374e8aa444785eb0144478613f2001d'),('f374e8aa444785eb0144478613ed000f','f374e8aa444785eb0144478613f20022'),('f374e8aa444785eb0144478613ed000f','f374e8aa444785eb0144478613f20023'),('f374e8aa444785eb0144478613ed000f','f374e8aa444785eb0144478613f20024'),('f374e8aa444785eb0144478613ed000f','f374e8aa444785eb0144478613f20025'),('f374e8aa444785eb0144478613ed000f','f374e8aa444785eb0144478613f70026'),('f374e8aa444785eb0144478613ed000f','f374e8aa444785eb0144478613f70027'),('f374e8aa444785eb0144478613ed000f','f374e8aa444785eb0144478613f70028'),('f374e8aa444785eb0144478613ed000f','f374e8aa444785eb0144478613f70029'),('f374e8aa444785eb0144478613ed000f','f374e8aa444785eb0144478613f7002a'),('f374e8aa444785eb0144478613ed000f','f374e8aa444785eb0144478613f7002b'),('f374e8aa444785eb0144478613ed000f','f374e8aa444785eb0144478613f7002c'),('f374e8aa444785eb0144478613ed000f','f374e8aa444785eb0144478613f7002d'),('f374e8aa444785eb0144478613ed000f','f374e8aa444785eb0144478613fc002e'),('f374e8aa444785eb0144478613ed000f','f374e8aa444785eb0144478613fc002f'),('f374e8aa444785eb0144478613ed000f','f374e8aa444785eb0144478613fc0030'),('f374e8aa444785eb0144478613ed000f','f374e8aa444785eb0144478613fc0031'),('f374e8aa444785eb0144478613ed000f','f374e8aa444785eb0144478613fc0032'),('f374e8aa444785eb0144478613ed000f','f374e8aa444785eb0144478613fc0033'),('f374e8aa444785eb0144478613ed000f','f374e8aa444785eb0144478613fc0034'),('f374e8aa444785eb0144478613ed000f','f374e8aa444785eb0144478613fc0035'),('f374e8aa444785eb0144478613ed000f','f374e8aa444785eb0144478613fc0036'),('f374e8aa444785eb0144478613ed000f','f374e8aa444785eb0144478614010037'),('f374e8aa444785eb0144478613ed000f','f374e8aa444785eb0144478614010038'),('f374e8aa444785eb0144478613ed000f','f374e8aa444785eb0144478614010039'),('f374e8aa444785eb0144478613ed000f','f374e8aa444785eb014447861401003a'),('f374e8aa444785eb0144478613ed000f','f374e8aa444785eb014447861401003b'),('f374e8aa444785eb0144478613ed000f','f374e8aa444785eb014447861401003c'),('f374e8aa444785eb0144478613ed000f','f374e8aa444785eb014447861401003d'),('f374e8aa444785eb0144478613ed000f','f374e8aa444785eb014447861401003e'),('f374e8aa444785eb0144478613ed000f','f374e8aa444785eb014447861401003f'),('f374e8aa444785eb0144478613ed000f','f374e8aa444785eb0144478614060040'),('f374e8aa444785eb0144478613ed000f','f374e8aa444785eb0144478614060041'),('f374e8aa444785eb0144478613ed000f','f374e8aa444785eb0144478614060042'),('f374e8aa444785eb0144478613ed000f','f374e8aa444785eb0144478614060043'),('f374e8aa444785eb0144478613ed000f','f374e8aa444785eb0144478614060044'),('f374e8aa444785eb0144478613ed000f','f374e8aa444785eb0144478614060045'),('f374e8aa444785eb0144478613ed000f','f374e8aa444785eb0144478614060046'),('f374e8aa444785eb0144478613ed000f','f374e8aa444785eb0144478614060047'),('f374e8aa444785eb0144478613ed000f','f374e8aa444785eb01444786140b0048'),('f374e8aa444785eb0144478613ed000f','f374e8aa444785eb01444786140b0049'),('f374e8aa444785eb0144478613ed000f','f374e8aa444785eb01444786140b004a'),('f374e8aa444785eb0144478613ed000f','f374e8aa444785eb01444786140b004b'),('f374e8aa444785eb0144478613ed000f','f374e8aa444785eb01444786140b004c'),('f374e8aa444785eb0144478613ed000f','f374e8aa444785eb01444786140b004d'),('f374e8aa444785eb0144478613ed0013','f374e8aa444785eb0144478613e80009'),('f374e8aa444785eb0144478613ed0013','f374e8aa444785eb0144478613e8000e'),('f374e8aa444785eb0144478613ed0013','f374e8aa444785eb0144478613ed0012'),('f374e8aa444785eb0144478613ed0013','f374e8aa444785eb0144478613ed0016'),('f374e8aa444785eb0144478613ed0013','f374e8aa444785eb0144478613ed0019'),('f374e8aa444785eb0144478613ed0013','f374e8aa444785eb0144478613f2001d'),('f374e8aa444785eb0144478613ed0013','f374e8aa444785eb0144478613f20022'),('f374e8aa444785eb0144478613ed0013','f374e8aa444785eb0144478613f20023'),('f374e8aa444785eb0144478613ed0013','f374e8aa444785eb0144478613f20024'),('f374e8aa444785eb0144478613ed0013','f374e8aa444785eb0144478613f20025'),('f374e8aa444785eb0144478613ed0013','f374e8aa444785eb0144478613f70026'),('f374e8aa444785eb0144478613ed0013','f374e8aa444785eb0144478613f70027'),('f374e8aa444785eb0144478613ed0013','f374e8aa444785eb0144478613f70028'),('f374e8aa444785eb0144478613ed0013','f374e8aa444785eb0144478613f70029'),('f374e8aa444785eb0144478613ed0013','f374e8aa444785eb0144478613f7002a'),('f374e8aa444785eb0144478613ed0013','f374e8aa444785eb0144478613f7002b'),('f374e8aa444785eb0144478613ed0013','f374e8aa444785eb0144478613f7002c'),('f374e8aa444785eb0144478613ed0013','f374e8aa444785eb0144478613f7002d'),('f374e8aa444785eb0144478613ed0013','f374e8aa444785eb0144478613fc002e'),('f374e8aa444785eb0144478613ed0013','f374e8aa444785eb0144478613fc002f'),('f374e8aa444785eb0144478613ed0013','f374e8aa444785eb0144478613fc0030'),('f374e8aa444785eb0144478613ed0013','f374e8aa444785eb0144478613fc0031'),('f374e8aa444785eb0144478613ed0013','f374e8aa444785eb0144478613fc0032'),('f374e8aa444785eb0144478613ed0013','f374e8aa444785eb0144478613fc0033'),('f374e8aa444785eb0144478613ed0013','f374e8aa444785eb0144478613fc0034'),('f374e8aa444785eb0144478613ed0013','f374e8aa444785eb0144478613fc0035'),('f374e8aa444785eb0144478613ed0013','f374e8aa444785eb0144478613fc0036'),('f374e8aa444785eb0144478613ed0013','f374e8aa444785eb0144478614010037'),('f374e8aa444785eb0144478613ed0013','f374e8aa444785eb0144478614010038'),('f374e8aa444785eb0144478613ed0013','f374e8aa444785eb0144478614010039'),('f374e8aa444785eb0144478613ed0013','f374e8aa444785eb014447861401003a'),('f374e8aa444785eb0144478613ed0013','f374e8aa444785eb014447861401003b'),('f374e8aa444785eb0144478613ed0013','f374e8aa444785eb014447861401003c'),('f374e8aa444785eb0144478613ed0013','f374e8aa444785eb014447861401003d'),('f374e8aa444785eb0144478613ed0013','f374e8aa444785eb014447861401003e'),('f374e8aa444785eb0144478613ed0013','f374e8aa444785eb014447861401003f'),('f374e8aa444785eb0144478613ed0013','f374e8aa444785eb0144478614060040'),('f374e8aa444785eb0144478613ed0013','f374e8aa444785eb0144478614060041'),('f374e8aa444785eb0144478613ed0013','f374e8aa444785eb0144478614060042'),('f374e8aa444785eb0144478613ed0013','f374e8aa444785eb0144478614060043'),('f374e8aa444785eb0144478613ed0013','f374e8aa444785eb0144478614060044'),('f374e8aa444785eb0144478613ed0013','f374e8aa444785eb0144478614060045'),('f374e8aa444785eb0144478613ed0013','f374e8aa444785eb0144478614060046'),('f374e8aa444785eb0144478613ed0013','f374e8aa444785eb0144478614060047'),('f374e8aa444785eb0144478613ed0013','f374e8aa444785eb01444786140b0048'),('f374e8aa444785eb0144478613ed0013','f374e8aa444785eb01444786140b0049'),('f374e8aa444785eb0144478613ed0013','f374e8aa444785eb01444786140b004a'),('f374e8aa444785eb0144478613ed0013','f374e8aa444785eb01444786140b004b'),('f374e8aa444785eb0144478613ed0013','f374e8aa444785eb01444786140b004c'),('f374e8aa444785eb0144478613ed0013','f374e8aa444785eb01444786140b004d'),('f374e8aa444785eb0144478613ed0017','f374e8aa444785eb0144478613e80009'),('f374e8aa444785eb0144478613ed0017','f374e8aa444785eb0144478613e8000e'),('f374e8aa444785eb0144478613ed0017','f374e8aa444785eb0144478613ed0012'),('f374e8aa444785eb0144478613ed0017','f374e8aa444785eb0144478613ed0016'),('f374e8aa444785eb0144478613ed0017','f374e8aa444785eb0144478613ed0019'),('f374e8aa444785eb0144478613ed0017','f374e8aa444785eb0144478613f2001d'),('f374e8aa444785eb0144478613ed0017','f374e8aa444785eb0144478613f20022'),('f374e8aa444785eb0144478613ed0017','f374e8aa444785eb0144478613f20023'),('f374e8aa444785eb0144478613ed0017','f374e8aa444785eb0144478613f20024'),('f374e8aa444785eb0144478613ed0017','f374e8aa444785eb0144478613f20025'),('f374e8aa444785eb0144478613ed0017','f374e8aa444785eb0144478613f70026'),('f374e8aa444785eb0144478613ed0017','f374e8aa444785eb0144478613f70027'),('f374e8aa444785eb0144478613ed0017','f374e8aa444785eb0144478613f70028'),('f374e8aa444785eb0144478613ed0017','f374e8aa444785eb0144478613f70029'),('f374e8aa444785eb0144478613ed0017','f374e8aa444785eb0144478613f7002a'),('f374e8aa444785eb0144478613ed0017','f374e8aa444785eb0144478613f7002b'),('f374e8aa444785eb0144478613ed0017','f374e8aa444785eb0144478613f7002c'),('f374e8aa444785eb0144478613ed0017','f374e8aa444785eb0144478613f7002d'),('f374e8aa444785eb0144478613ed0017','f374e8aa444785eb0144478613fc002e'),('f374e8aa444785eb0144478613ed0017','f374e8aa444785eb0144478613fc002f'),('f374e8aa444785eb0144478613ed0017','f374e8aa444785eb0144478613fc0030'),('f374e8aa444785eb0144478613ed0017','f374e8aa444785eb0144478613fc0031'),('f374e8aa444785eb0144478613ed0017','f374e8aa444785eb0144478613fc0032'),('f374e8aa444785eb0144478613ed0017','f374e8aa444785eb0144478613fc0033'),('f374e8aa444785eb0144478613ed0017','f374e8aa444785eb0144478613fc0034'),('f374e8aa444785eb0144478613ed0017','f374e8aa444785eb0144478613fc0035'),('f374e8aa444785eb0144478613ed0017','f374e8aa444785eb0144478613fc0036'),('f374e8aa444785eb0144478613ed0017','f374e8aa444785eb0144478614010037'),('f374e8aa444785eb0144478613ed0017','f374e8aa444785eb0144478614010038'),('f374e8aa444785eb0144478613ed0017','f374e8aa444785eb0144478614010039'),('f374e8aa444785eb0144478613ed0017','f374e8aa444785eb014447861401003a'),('f374e8aa444785eb0144478613ed0017','f374e8aa444785eb014447861401003b'),('f374e8aa444785eb0144478613ed0017','f374e8aa444785eb014447861401003c'),('f374e8aa444785eb0144478613ed0017','f374e8aa444785eb014447861401003d'),('f374e8aa444785eb0144478613ed0017','f374e8aa444785eb014447861401003e'),('f374e8aa444785eb0144478613ed0017','f374e8aa444785eb014447861401003f'),('f374e8aa444785eb0144478613ed0017','f374e8aa444785eb0144478614060040'),('f374e8aa444785eb0144478613ed0017','f374e8aa444785eb0144478614060041'),('f374e8aa444785eb0144478613ed0017','f374e8aa444785eb0144478614060042'),('f374e8aa444785eb0144478613ed0017','f374e8aa444785eb0144478614060043'),('f374e8aa444785eb0144478613ed0017','f374e8aa444785eb0144478614060044'),('f374e8aa444785eb0144478613ed0017','f374e8aa444785eb0144478614060045'),('f374e8aa444785eb0144478613ed0017','f374e8aa444785eb0144478614060046'),('f374e8aa444785eb0144478613ed0017','f374e8aa444785eb0144478614060047'),('f374e8aa444785eb0144478613ed0017','f374e8aa444785eb01444786140b0048'),('f374e8aa444785eb0144478613ed0017','f374e8aa444785eb01444786140b0049'),('f374e8aa444785eb0144478613ed0017','f374e8aa444785eb01444786140b004a'),('f374e8aa444785eb0144478613ed0017','f374e8aa444785eb01444786140b004b'),('f374e8aa444785eb0144478613ed0017','f374e8aa444785eb01444786140b004c'),('f374e8aa444785eb0144478613ed0017','f374e8aa444785eb01444786140b004d'),('f374e8aa444785eb0144478613ed001a','f374e8aa444785eb0144478613e80009'),('f374e8aa444785eb0144478613ed001a','f374e8aa444785eb0144478613e8000e'),('f374e8aa444785eb0144478613ed001a','f374e8aa444785eb0144478613ed0012'),('f374e8aa444785eb0144478613ed001a','f374e8aa444785eb0144478613ed0016'),('f374e8aa444785eb0144478613ed001a','f374e8aa444785eb0144478613ed0019'),('f374e8aa444785eb0144478613ed001a','f374e8aa444785eb0144478613f2001d'),('f374e8aa444785eb0144478613ed001a','f374e8aa444785eb0144478613f20022'),('f374e8aa444785eb0144478613ed001a','f374e8aa444785eb0144478613f20023'),('f374e8aa444785eb0144478613ed001a','f374e8aa444785eb0144478613f20024'),('f374e8aa444785eb0144478613ed001a','f374e8aa444785eb0144478613f20025'),('f374e8aa444785eb0144478613ed001a','f374e8aa444785eb0144478613f70026'),('f374e8aa444785eb0144478613ed001a','f374e8aa444785eb0144478613f70027'),('f374e8aa444785eb0144478613ed001a','f374e8aa444785eb0144478613f70028'),('f374e8aa444785eb0144478613ed001a','f374e8aa444785eb0144478613f70029'),('f374e8aa444785eb0144478613ed001a','f374e8aa444785eb0144478613f7002a'),('f374e8aa444785eb0144478613ed001a','f374e8aa444785eb0144478613f7002b'),('f374e8aa444785eb0144478613ed001a','f374e8aa444785eb0144478613f7002c'),('f374e8aa444785eb0144478613ed001a','f374e8aa444785eb0144478613f7002d'),('f374e8aa444785eb0144478613ed001a','f374e8aa444785eb0144478613fc002e'),('f374e8aa444785eb0144478613ed001a','f374e8aa444785eb0144478613fc002f'),('f374e8aa444785eb0144478613ed001a','f374e8aa444785eb0144478613fc0030'),('f374e8aa444785eb0144478613ed001a','f374e8aa444785eb0144478613fc0031'),('f374e8aa444785eb0144478613ed001a','f374e8aa444785eb0144478613fc0032'),('f374e8aa444785eb0144478613ed001a','f374e8aa444785eb0144478613fc0033'),('f374e8aa444785eb0144478613ed001a','f374e8aa444785eb0144478613fc0034'),('f374e8aa444785eb0144478613ed001a','f374e8aa444785eb0144478613fc0035'),('f374e8aa444785eb0144478613ed001a','f374e8aa444785eb0144478613fc0036'),('f374e8aa444785eb0144478613ed001a','f374e8aa444785eb0144478614010037'),('f374e8aa444785eb0144478613ed001a','f374e8aa444785eb0144478614010038'),('f374e8aa444785eb0144478613ed001a','f374e8aa444785eb0144478614010039'),('f374e8aa444785eb0144478613ed001a','f374e8aa444785eb014447861401003a'),('f374e8aa444785eb0144478613ed001a','f374e8aa444785eb014447861401003b'),('f374e8aa444785eb0144478613ed001a','f374e8aa444785eb014447861401003c'),('f374e8aa444785eb0144478613ed001a','f374e8aa444785eb014447861401003d'),('f374e8aa444785eb0144478613ed001a','f374e8aa444785eb014447861401003e'),('f374e8aa444785eb0144478613ed001a','f374e8aa444785eb014447861401003f'),('f374e8aa444785eb0144478613ed001a','f374e8aa444785eb0144478614060040'),('f374e8aa444785eb0144478613ed001a','f374e8aa444785eb0144478614060041'),('f374e8aa444785eb0144478613ed001a','f374e8aa444785eb0144478614060042'),('f374e8aa444785eb0144478613ed001a','f374e8aa444785eb0144478614060043'),('f374e8aa444785eb0144478613ed001a','f374e8aa444785eb0144478614060044'),('f374e8aa444785eb0144478613ed001a','f374e8aa444785eb0144478614060045'),('f374e8aa444785eb0144478613ed001a','f374e8aa444785eb0144478614060046'),('f374e8aa444785eb0144478613ed001a','f374e8aa444785eb0144478614060047'),('f374e8aa444785eb0144478613ed001a','f374e8aa444785eb01444786140b0048'),('f374e8aa444785eb0144478613ed001a','f374e8aa444785eb01444786140b0049'),('f374e8aa444785eb0144478613ed001a','f374e8aa444785eb01444786140b004a'),('f374e8aa444785eb0144478613ed001a','f374e8aa444785eb01444786140b004b'),('f374e8aa444785eb0144478613ed001a','f374e8aa444785eb01444786140b004c'),('f374e8aa444785eb0144478613ed001a','f374e8aa444785eb01444786140b004d'),('f374e8aa444785eb0144478613f2001e','f374e8aa444785eb0144478613e80009'),('f374e8aa444785eb0144478613f2001e','f374e8aa444785eb0144478613e8000e'),('f374e8aa444785eb0144478613f2001e','f374e8aa444785eb0144478613ed0012'),('f374e8aa444785eb0144478613f2001e','f374e8aa444785eb0144478613ed0016'),('f374e8aa444785eb0144478613f2001e','f374e8aa444785eb0144478613ed0019'),('f374e8aa444785eb0144478613f2001e','f374e8aa444785eb0144478613f2001d'),('f374e8aa444785eb0144478613f2001e','f374e8aa444785eb0144478613f20022'),('f374e8aa444785eb0144478613f2001e','f374e8aa444785eb0144478613f20023'),('f374e8aa444785eb0144478613f2001e','f374e8aa444785eb0144478613f20024'),('f374e8aa444785eb0144478613f2001e','f374e8aa444785eb0144478613f20025'),('f374e8aa444785eb0144478613f2001e','f374e8aa444785eb0144478613f70026'),('f374e8aa444785eb0144478613f2001e','f374e8aa444785eb0144478613f70027'),('f374e8aa444785eb0144478613f2001e','f374e8aa444785eb0144478613f70028'),('f374e8aa444785eb0144478613f2001e','f374e8aa444785eb0144478613f70029'),('f374e8aa444785eb0144478613f2001e','f374e8aa444785eb0144478613f7002a'),('f374e8aa444785eb0144478613f2001e','f374e8aa444785eb0144478613f7002b'),('f374e8aa444785eb0144478613f2001e','f374e8aa444785eb0144478613f7002c'),('f374e8aa444785eb0144478613f2001e','f374e8aa444785eb0144478613f7002d'),('f374e8aa444785eb0144478613f2001e','f374e8aa444785eb0144478613fc002e'),('f374e8aa444785eb0144478613f2001e','f374e8aa444785eb0144478613fc002f'),('f374e8aa444785eb0144478613f2001e','f374e8aa444785eb0144478613fc0030'),('f374e8aa444785eb0144478613f2001e','f374e8aa444785eb0144478613fc0031'),('f374e8aa444785eb0144478613f2001e','f374e8aa444785eb0144478613fc0032'),('f374e8aa444785eb0144478613f2001e','f374e8aa444785eb0144478613fc0033'),('f374e8aa444785eb0144478613f2001e','f374e8aa444785eb0144478613fc0034'),('f374e8aa444785eb0144478613f2001e','f374e8aa444785eb0144478613fc0035'),('f374e8aa444785eb0144478613f2001e','f374e8aa444785eb0144478613fc0036'),('f374e8aa444785eb0144478613f2001e','f374e8aa444785eb0144478614010037'),('f374e8aa444785eb0144478613f2001e','f374e8aa444785eb0144478614010038'),('f374e8aa444785eb0144478613f2001e','f374e8aa444785eb0144478614010039'),('f374e8aa444785eb0144478613f2001e','f374e8aa444785eb014447861401003a'),('f374e8aa444785eb0144478613f2001e','f374e8aa444785eb014447861401003b'),('f374e8aa444785eb0144478613f2001e','f374e8aa444785eb014447861401003c'),('f374e8aa444785eb0144478613f2001e','f374e8aa444785eb014447861401003d'),('f374e8aa444785eb0144478613f2001e','f374e8aa444785eb014447861401003e'),('f374e8aa444785eb0144478613f2001e','f374e8aa444785eb014447861401003f'),('f374e8aa444785eb0144478613f2001e','f374e8aa444785eb0144478614060040'),('f374e8aa444785eb0144478613f2001e','f374e8aa444785eb0144478614060041'),('f374e8aa444785eb0144478613f2001e','f374e8aa444785eb0144478614060042'),('f374e8aa444785eb0144478613f2001e','f374e8aa444785eb0144478614060043'),('f374e8aa444785eb0144478613f2001e','f374e8aa444785eb0144478614060044'),('f374e8aa444785eb0144478613f2001e','f374e8aa444785eb0144478614060045'),('f374e8aa444785eb0144478613f2001e','f374e8aa444785eb0144478614060046'),('f374e8aa444785eb0144478613f2001e','f374e8aa444785eb0144478614060047'),('f374e8aa444785eb0144478613f2001e','f374e8aa444785eb01444786140b0048'),('f374e8aa444785eb0144478613f2001e','f374e8aa444785eb01444786140b0049'),('f374e8aa444785eb0144478613f2001e','f374e8aa444785eb01444786140b004a'),('f374e8aa444785eb0144478613f2001e','f374e8aa444785eb01444786140b004b'),('f374e8aa444785eb0144478613f2001e','f374e8aa444785eb01444786140b004c'),('f374e8aa444785eb0144478613f2001e','f374e8aa444785eb01444786140b004d'),('f374e8aa44478a8c0144478aa999000a','f374e8aa44478a8c0144478aa9990009'),('f374e8aa44478a8c0144478aa999000a','f374e8aa44478a8c0144478aa999000e'),('f374e8aa44478a8c0144478aa999000a','f374e8aa44478a8c0144478aa9990012'),('f374e8aa44478a8c0144478aa999000a','f374e8aa44478a8c0144478aa9990016'),('f374e8aa44478a8c0144478aa999000a','f374e8aa44478a8c0144478aa9990019'),('f374e8aa44478a8c0144478aa999000a','f374e8aa44478a8c0144478aa99e001d'),('f374e8aa44478a8c0144478aa999000a','f374e8aa44478a8c0144478aa99e0022'),('f374e8aa44478a8c0144478aa999000a','f374e8aa44478a8c0144478aa99e0023'),('f374e8aa44478a8c0144478aa999000a','f374e8aa44478a8c0144478aa99e0024'),('f374e8aa44478a8c0144478aa999000a','f374e8aa44478a8c0144478aa99e0025'),('f374e8aa44478a8c0144478aa999000a','f374e8aa44478a8c0144478aa99e0026'),('f374e8aa44478a8c0144478aa999000a','f374e8aa44478a8c0144478aa99e0027'),('f374e8aa44478a8c0144478aa999000a','f374e8aa44478a8c0144478aa99e0028'),('f374e8aa44478a8c0144478aa999000a','f374e8aa44478a8c0144478aa99e0029'),('f374e8aa44478a8c0144478aa999000a','f374e8aa44478a8c0144478aa99e002a'),('f374e8aa44478a8c0144478aa999000a','f374e8aa44478a8c0144478aa9a3002b'),('f374e8aa44478a8c0144478aa999000a','f374e8aa44478a8c0144478aa9a3002c'),('f374e8aa44478a8c0144478aa999000a','f374e8aa44478a8c0144478aa9a3002d'),('f374e8aa44478a8c0144478aa999000a','f374e8aa44478a8c0144478aa9a3002e'),('f374e8aa44478a8c0144478aa999000a','f374e8aa44478a8c0144478aa9a3002f'),('f374e8aa44478a8c0144478aa999000a','f374e8aa44478a8c0144478aa9a30030'),('f374e8aa44478a8c0144478aa999000a','f374e8aa44478a8c0144478aa9a30031'),('f374e8aa44478a8c0144478aa999000a','f374e8aa44478a8c0144478aa9a30032'),('f374e8aa44478a8c0144478aa999000a','f374e8aa44478a8c0144478aa9a30033'),('f374e8aa44478a8c0144478aa999000a','f374e8aa44478a8c0144478aa9a30034'),('f374e8aa44478a8c0144478aa999000a','f374e8aa44478a8c0144478aa9a30035'),('f374e8aa44478a8c0144478aa999000a','f374e8aa44478a8c0144478aa9a30036'),('f374e8aa44478a8c0144478aa999000a','f374e8aa44478a8c0144478aa9a30037'),('f374e8aa44478a8c0144478aa999000a','f374e8aa44478a8c0144478aa9a80038'),('f374e8aa44478a8c0144478aa999000a','f374e8aa44478a8c0144478aa9a80039'),('f374e8aa44478a8c0144478aa999000a','f374e8aa44478a8c0144478aa9a8003a'),('f374e8aa44478a8c0144478aa999000a','f374e8aa44478a8c0144478aa9a8003b'),('f374e8aa44478a8c0144478aa999000a','f374e8aa44478a8c0144478aa9a8003c'),('f374e8aa44478a8c0144478aa999000a','f374e8aa44478a8c0144478aa9a8003d'),('f374e8aa44478a8c0144478aa999000a','f374e8aa44478a8c0144478aa9a8003e'),('f374e8aa44478a8c0144478aa999000a','f374e8aa44478a8c0144478aa9a8003f'),('f374e8aa44478a8c0144478aa999000a','f374e8aa44478a8c0144478aa9ad0040'),('f374e8aa44478a8c0144478aa999000a','f374e8aa44478a8c0144478aa9ad0041'),('f374e8aa44478a8c0144478aa999000a','f374e8aa44478a8c0144478aa9ad0042'),('f374e8aa44478a8c0144478aa999000a','f374e8aa44478a8c0144478aa9ad0043'),('f374e8aa44478a8c0144478aa999000a','f374e8aa44478a8c0144478aa9ad0044'),('f374e8aa44478a8c0144478aa999000a','f374e8aa44478a8c0144478aa9ad0045'),('f374e8aa44478a8c0144478aa999000a','f374e8aa44478a8c0144478aa9ad0046'),('f374e8aa44478a8c0144478aa999000a','f374e8aa44478a8c0144478aa9ad0047'),('f374e8aa44478a8c0144478aa999000a','f374e8aa44478a8c0144478aa9ad0048'),('f374e8aa44478a8c0144478aa999000a','f374e8aa44478a8c0144478aa9ad0049'),('f374e8aa44478a8c0144478aa999000a','f374e8aa44478a8c0144478aa9ad004a'),('f374e8aa44478a8c0144478aa999000a','f374e8aa44478a8c0144478aa9b2004b'),('f374e8aa44478a8c0144478aa999000a','f374e8aa44478a8c0144478aa9b2004c'),('f374e8aa44478a8c0144478aa999000a','f374e8aa44478a8c0144478aa9b2004d'),('f374e8aa44478a8c0144478aa999000f','f374e8aa44478a8c0144478aa9990009'),('f374e8aa44478a8c0144478aa999000f','f374e8aa44478a8c0144478aa999000e'),('f374e8aa44478a8c0144478aa999000f','f374e8aa44478a8c0144478aa9990012'),('f374e8aa44478a8c0144478aa999000f','f374e8aa44478a8c0144478aa9990016'),('f374e8aa44478a8c0144478aa999000f','f374e8aa44478a8c0144478aa9990019'),('f374e8aa44478a8c0144478aa999000f','f374e8aa44478a8c0144478aa99e001d'),('f374e8aa44478a8c0144478aa999000f','f374e8aa44478a8c0144478aa99e0022'),('f374e8aa44478a8c0144478aa999000f','f374e8aa44478a8c0144478aa99e0023'),('f374e8aa44478a8c0144478aa999000f','f374e8aa44478a8c0144478aa99e0024'),('f374e8aa44478a8c0144478aa999000f','f374e8aa44478a8c0144478aa99e0025'),('f374e8aa44478a8c0144478aa999000f','f374e8aa44478a8c0144478aa99e0026'),('f374e8aa44478a8c0144478aa999000f','f374e8aa44478a8c0144478aa99e0027'),('f374e8aa44478a8c0144478aa999000f','f374e8aa44478a8c0144478aa99e0028'),('f374e8aa44478a8c0144478aa999000f','f374e8aa44478a8c0144478aa99e0029'),('f374e8aa44478a8c0144478aa999000f','f374e8aa44478a8c0144478aa99e002a'),('f374e8aa44478a8c0144478aa999000f','f374e8aa44478a8c0144478aa9a3002b'),('f374e8aa44478a8c0144478aa999000f','f374e8aa44478a8c0144478aa9a3002c'),('f374e8aa44478a8c0144478aa999000f','f374e8aa44478a8c0144478aa9a3002d'),('f374e8aa44478a8c0144478aa999000f','f374e8aa44478a8c0144478aa9a3002e'),('f374e8aa44478a8c0144478aa999000f','f374e8aa44478a8c0144478aa9a3002f'),('f374e8aa44478a8c0144478aa999000f','f374e8aa44478a8c0144478aa9a30030'),('f374e8aa44478a8c0144478aa999000f','f374e8aa44478a8c0144478aa9a30031'),('f374e8aa44478a8c0144478aa999000f','f374e8aa44478a8c0144478aa9a30032'),('f374e8aa44478a8c0144478aa999000f','f374e8aa44478a8c0144478aa9a30033'),('f374e8aa44478a8c0144478aa999000f','f374e8aa44478a8c0144478aa9a30034'),('f374e8aa44478a8c0144478aa999000f','f374e8aa44478a8c0144478aa9a30035'),('f374e8aa44478a8c0144478aa999000f','f374e8aa44478a8c0144478aa9a30036'),('f374e8aa44478a8c0144478aa999000f','f374e8aa44478a8c0144478aa9a30037'),('f374e8aa44478a8c0144478aa999000f','f374e8aa44478a8c0144478aa9a80038'),('f374e8aa44478a8c0144478aa999000f','f374e8aa44478a8c0144478aa9a80039'),('f374e8aa44478a8c0144478aa999000f','f374e8aa44478a8c0144478aa9a8003a'),('f374e8aa44478a8c0144478aa999000f','f374e8aa44478a8c0144478aa9a8003b'),('f374e8aa44478a8c0144478aa999000f','f374e8aa44478a8c0144478aa9a8003c'),('f374e8aa44478a8c0144478aa999000f','f374e8aa44478a8c0144478aa9a8003d'),('f374e8aa44478a8c0144478aa999000f','f374e8aa44478a8c0144478aa9a8003e'),('f374e8aa44478a8c0144478aa999000f','f374e8aa44478a8c0144478aa9a8003f'),('f374e8aa44478a8c0144478aa999000f','f374e8aa44478a8c0144478aa9ad0040'),('f374e8aa44478a8c0144478aa999000f','f374e8aa44478a8c0144478aa9ad0041'),('f374e8aa44478a8c0144478aa999000f','f374e8aa44478a8c0144478aa9ad0042'),('f374e8aa44478a8c0144478aa999000f','f374e8aa44478a8c0144478aa9ad0043'),('f374e8aa44478a8c0144478aa999000f','f374e8aa44478a8c0144478aa9ad0044'),('f374e8aa44478a8c0144478aa999000f','f374e8aa44478a8c0144478aa9ad0045'),('f374e8aa44478a8c0144478aa999000f','f374e8aa44478a8c0144478aa9ad0046'),('f374e8aa44478a8c0144478aa999000f','f374e8aa44478a8c0144478aa9ad0047'),('f374e8aa44478a8c0144478aa999000f','f374e8aa44478a8c0144478aa9ad0048'),('f374e8aa44478a8c0144478aa999000f','f374e8aa44478a8c0144478aa9ad0049'),('f374e8aa44478a8c0144478aa999000f','f374e8aa44478a8c0144478aa9ad004a'),('f374e8aa44478a8c0144478aa999000f','f374e8aa44478a8c0144478aa9b2004b'),('f374e8aa44478a8c0144478aa999000f','f374e8aa44478a8c0144478aa9b2004c'),('f374e8aa44478a8c0144478aa999000f','f374e8aa44478a8c0144478aa9b2004d'),('f374e8aa44478a8c0144478aa9990013','f374e8aa44478a8c0144478aa9990009'),('f374e8aa44478a8c0144478aa9990013','f374e8aa44478a8c0144478aa999000e'),('f374e8aa44478a8c0144478aa9990013','f374e8aa44478a8c0144478aa9990012'),('f374e8aa44478a8c0144478aa9990013','f374e8aa44478a8c0144478aa9990016'),('f374e8aa44478a8c0144478aa9990013','f374e8aa44478a8c0144478aa9990019'),('f374e8aa44478a8c0144478aa9990013','f374e8aa44478a8c0144478aa99e001d'),('f374e8aa44478a8c0144478aa9990013','f374e8aa44478a8c0144478aa99e0022'),('f374e8aa44478a8c0144478aa9990013','f374e8aa44478a8c0144478aa99e0023'),('f374e8aa44478a8c0144478aa9990013','f374e8aa44478a8c0144478aa99e0024'),('f374e8aa44478a8c0144478aa9990013','f374e8aa44478a8c0144478aa99e0025'),('f374e8aa44478a8c0144478aa9990013','f374e8aa44478a8c0144478aa99e0026'),('f374e8aa44478a8c0144478aa9990013','f374e8aa44478a8c0144478aa99e0027'),('f374e8aa44478a8c0144478aa9990013','f374e8aa44478a8c0144478aa99e0028'),('f374e8aa44478a8c0144478aa9990013','f374e8aa44478a8c0144478aa99e0029'),('f374e8aa44478a8c0144478aa9990013','f374e8aa44478a8c0144478aa99e002a'),('f374e8aa44478a8c0144478aa9990013','f374e8aa44478a8c0144478aa9a3002b'),('f374e8aa44478a8c0144478aa9990013','f374e8aa44478a8c0144478aa9a3002c'),('f374e8aa44478a8c0144478aa9990013','f374e8aa44478a8c0144478aa9a3002d'),('f374e8aa44478a8c0144478aa9990013','f374e8aa44478a8c0144478aa9a3002e'),('f374e8aa44478a8c0144478aa9990013','f374e8aa44478a8c0144478aa9a3002f'),('f374e8aa44478a8c0144478aa9990013','f374e8aa44478a8c0144478aa9a30030'),('f374e8aa44478a8c0144478aa9990013','f374e8aa44478a8c0144478aa9a30031'),('f374e8aa44478a8c0144478aa9990013','f374e8aa44478a8c0144478aa9a30032'),('f374e8aa44478a8c0144478aa9990013','f374e8aa44478a8c0144478aa9a30033'),('f374e8aa44478a8c0144478aa9990013','f374e8aa44478a8c0144478aa9a30034'),('f374e8aa44478a8c0144478aa9990013','f374e8aa44478a8c0144478aa9a30035'),('f374e8aa44478a8c0144478aa9990013','f374e8aa44478a8c0144478aa9a30036'),('f374e8aa44478a8c0144478aa9990013','f374e8aa44478a8c0144478aa9a30037'),('f374e8aa44478a8c0144478aa9990013','f374e8aa44478a8c0144478aa9a80038'),('f374e8aa44478a8c0144478aa9990013','f374e8aa44478a8c0144478aa9a80039'),('f374e8aa44478a8c0144478aa9990013','f374e8aa44478a8c0144478aa9a8003a'),('f374e8aa44478a8c0144478aa9990013','f374e8aa44478a8c0144478aa9a8003b'),('f374e8aa44478a8c0144478aa9990013','f374e8aa44478a8c0144478aa9a8003c'),('f374e8aa44478a8c0144478aa9990013','f374e8aa44478a8c0144478aa9a8003d'),('f374e8aa44478a8c0144478aa9990013','f374e8aa44478a8c0144478aa9a8003e'),('f374e8aa44478a8c0144478aa9990013','f374e8aa44478a8c0144478aa9a8003f'),('f374e8aa44478a8c0144478aa9990013','f374e8aa44478a8c0144478aa9ad0040'),('f374e8aa44478a8c0144478aa9990013','f374e8aa44478a8c0144478aa9ad0041'),('f374e8aa44478a8c0144478aa9990013','f374e8aa44478a8c0144478aa9ad0042'),('f374e8aa44478a8c0144478aa9990013','f374e8aa44478a8c0144478aa9ad0043'),('f374e8aa44478a8c0144478aa9990013','f374e8aa44478a8c0144478aa9ad0044'),('f374e8aa44478a8c0144478aa9990013','f374e8aa44478a8c0144478aa9ad0045'),('f374e8aa44478a8c0144478aa9990013','f374e8aa44478a8c0144478aa9ad0046'),('f374e8aa44478a8c0144478aa9990013','f374e8aa44478a8c0144478aa9ad0047'),('f374e8aa44478a8c0144478aa9990013','f374e8aa44478a8c0144478aa9ad0048'),('f374e8aa44478a8c0144478aa9990013','f374e8aa44478a8c0144478aa9ad0049'),('f374e8aa44478a8c0144478aa9990013','f374e8aa44478a8c0144478aa9ad004a'),('f374e8aa44478a8c0144478aa9990013','f374e8aa44478a8c0144478aa9b2004b'),('f374e8aa44478a8c0144478aa9990013','f374e8aa44478a8c0144478aa9b2004c'),('f374e8aa44478a8c0144478aa9990013','f374e8aa44478a8c0144478aa9b2004d'),('f374e8aa44478a8c0144478aa9990017','f374e8aa44478a8c0144478aa9990009'),('f374e8aa44478a8c0144478aa9990017','f374e8aa44478a8c0144478aa999000e'),('f374e8aa44478a8c0144478aa9990017','f374e8aa44478a8c0144478aa9990012'),('f374e8aa44478a8c0144478aa9990017','f374e8aa44478a8c0144478aa9990016'),('f374e8aa44478a8c0144478aa9990017','f374e8aa44478a8c0144478aa9990019'),('f374e8aa44478a8c0144478aa9990017','f374e8aa44478a8c0144478aa99e001d'),('f374e8aa44478a8c0144478aa9990017','f374e8aa44478a8c0144478aa99e0022'),('f374e8aa44478a8c0144478aa9990017','f374e8aa44478a8c0144478aa99e0023'),('f374e8aa44478a8c0144478aa9990017','f374e8aa44478a8c0144478aa99e0024'),('f374e8aa44478a8c0144478aa9990017','f374e8aa44478a8c0144478aa99e0025'),('f374e8aa44478a8c0144478aa9990017','f374e8aa44478a8c0144478aa99e0026'),('f374e8aa44478a8c0144478aa9990017','f374e8aa44478a8c0144478aa99e0027'),('f374e8aa44478a8c0144478aa9990017','f374e8aa44478a8c0144478aa99e0028'),('f374e8aa44478a8c0144478aa9990017','f374e8aa44478a8c0144478aa99e0029'),('f374e8aa44478a8c0144478aa9990017','f374e8aa44478a8c0144478aa99e002a'),('f374e8aa44478a8c0144478aa9990017','f374e8aa44478a8c0144478aa9a3002b'),('f374e8aa44478a8c0144478aa9990017','f374e8aa44478a8c0144478aa9a3002c'),('f374e8aa44478a8c0144478aa9990017','f374e8aa44478a8c0144478aa9a3002d'),('f374e8aa44478a8c0144478aa9990017','f374e8aa44478a8c0144478aa9a3002e'),('f374e8aa44478a8c0144478aa9990017','f374e8aa44478a8c0144478aa9a3002f'),('f374e8aa44478a8c0144478aa9990017','f374e8aa44478a8c0144478aa9a30030'),('f374e8aa44478a8c0144478aa9990017','f374e8aa44478a8c0144478aa9a30031'),('f374e8aa44478a8c0144478aa9990017','f374e8aa44478a8c0144478aa9a30032'),('f374e8aa44478a8c0144478aa9990017','f374e8aa44478a8c0144478aa9a30033'),('f374e8aa44478a8c0144478aa9990017','f374e8aa44478a8c0144478aa9a30034'),('f374e8aa44478a8c0144478aa9990017','f374e8aa44478a8c0144478aa9a30035'),('f374e8aa44478a8c0144478aa9990017','f374e8aa44478a8c0144478aa9a30036'),('f374e8aa44478a8c0144478aa9990017','f374e8aa44478a8c0144478aa9a30037'),('f374e8aa44478a8c0144478aa9990017','f374e8aa44478a8c0144478aa9a80038'),('f374e8aa44478a8c0144478aa9990017','f374e8aa44478a8c0144478aa9a80039'),('f374e8aa44478a8c0144478aa9990017','f374e8aa44478a8c0144478aa9a8003a'),('f374e8aa44478a8c0144478aa9990017','f374e8aa44478a8c0144478aa9a8003b'),('f374e8aa44478a8c0144478aa9990017','f374e8aa44478a8c0144478aa9a8003c'),('f374e8aa44478a8c0144478aa9990017','f374e8aa44478a8c0144478aa9a8003d'),('f374e8aa44478a8c0144478aa9990017','f374e8aa44478a8c0144478aa9a8003e'),('f374e8aa44478a8c0144478aa9990017','f374e8aa44478a8c0144478aa9a8003f'),('f374e8aa44478a8c0144478aa9990017','f374e8aa44478a8c0144478aa9ad0040'),('f374e8aa44478a8c0144478aa9990017','f374e8aa44478a8c0144478aa9ad0041'),('f374e8aa44478a8c0144478aa9990017','f374e8aa44478a8c0144478aa9ad0042'),('f374e8aa44478a8c0144478aa9990017','f374e8aa44478a8c0144478aa9ad0043'),('f374e8aa44478a8c0144478aa9990017','f374e8aa44478a8c0144478aa9ad0044'),('f374e8aa44478a8c0144478aa9990017','f374e8aa44478a8c0144478aa9ad0045'),('f374e8aa44478a8c0144478aa9990017','f374e8aa44478a8c0144478aa9ad0046'),('f374e8aa44478a8c0144478aa9990017','f374e8aa44478a8c0144478aa9ad0047'),('f374e8aa44478a8c0144478aa9990017','f374e8aa44478a8c0144478aa9ad0048'),('f374e8aa44478a8c0144478aa9990017','f374e8aa44478a8c0144478aa9ad0049'),('f374e8aa44478a8c0144478aa9990017','f374e8aa44478a8c0144478aa9ad004a'),('f374e8aa44478a8c0144478aa9990017','f374e8aa44478a8c0144478aa9b2004b'),('f374e8aa44478a8c0144478aa9990017','f374e8aa44478a8c0144478aa9b2004c'),('f374e8aa44478a8c0144478aa9990017','f374e8aa44478a8c0144478aa9b2004d'),('f374e8aa44478a8c0144478aa999001a','f374e8aa44478a8c0144478aa9990009'),('f374e8aa44478a8c0144478aa999001a','f374e8aa44478a8c0144478aa999000e'),('f374e8aa44478a8c0144478aa999001a','f374e8aa44478a8c0144478aa9990012'),('f374e8aa44478a8c0144478aa999001a','f374e8aa44478a8c0144478aa9990016'),('f374e8aa44478a8c0144478aa999001a','f374e8aa44478a8c0144478aa9990019'),('f374e8aa44478a8c0144478aa999001a','f374e8aa44478a8c0144478aa99e001d'),('f374e8aa44478a8c0144478aa999001a','f374e8aa44478a8c0144478aa99e0022'),('f374e8aa44478a8c0144478aa999001a','f374e8aa44478a8c0144478aa99e0023'),('f374e8aa44478a8c0144478aa999001a','f374e8aa44478a8c0144478aa99e0024'),('f374e8aa44478a8c0144478aa999001a','f374e8aa44478a8c0144478aa99e0025'),('f374e8aa44478a8c0144478aa999001a','f374e8aa44478a8c0144478aa99e0026'),('f374e8aa44478a8c0144478aa999001a','f374e8aa44478a8c0144478aa99e0027'),('f374e8aa44478a8c0144478aa999001a','f374e8aa44478a8c0144478aa99e0028'),('f374e8aa44478a8c0144478aa999001a','f374e8aa44478a8c0144478aa99e0029'),('f374e8aa44478a8c0144478aa999001a','f374e8aa44478a8c0144478aa99e002a'),('f374e8aa44478a8c0144478aa999001a','f374e8aa44478a8c0144478aa9a3002b'),('f374e8aa44478a8c0144478aa999001a','f374e8aa44478a8c0144478aa9a3002c'),('f374e8aa44478a8c0144478aa999001a','f374e8aa44478a8c0144478aa9a3002d'),('f374e8aa44478a8c0144478aa999001a','f374e8aa44478a8c0144478aa9a3002e'),('f374e8aa44478a8c0144478aa999001a','f374e8aa44478a8c0144478aa9a3002f'),('f374e8aa44478a8c0144478aa999001a','f374e8aa44478a8c0144478aa9a30030'),('f374e8aa44478a8c0144478aa999001a','f374e8aa44478a8c0144478aa9a30031'),('f374e8aa44478a8c0144478aa999001a','f374e8aa44478a8c0144478aa9a30032'),('f374e8aa44478a8c0144478aa999001a','f374e8aa44478a8c0144478aa9a30033'),('f374e8aa44478a8c0144478aa999001a','f374e8aa44478a8c0144478aa9a30034'),('f374e8aa44478a8c0144478aa999001a','f374e8aa44478a8c0144478aa9a30035'),('f374e8aa44478a8c0144478aa999001a','f374e8aa44478a8c0144478aa9a30036'),('f374e8aa44478a8c0144478aa999001a','f374e8aa44478a8c0144478aa9a30037'),('f374e8aa44478a8c0144478aa999001a','f374e8aa44478a8c0144478aa9a80038'),('f374e8aa44478a8c0144478aa999001a','f374e8aa44478a8c0144478aa9a80039'),('f374e8aa44478a8c0144478aa999001a','f374e8aa44478a8c0144478aa9a8003a'),('f374e8aa44478a8c0144478aa999001a','f374e8aa44478a8c0144478aa9a8003b'),('f374e8aa44478a8c0144478aa999001a','f374e8aa44478a8c0144478aa9a8003c'),('f374e8aa44478a8c0144478aa999001a','f374e8aa44478a8c0144478aa9a8003d'),('f374e8aa44478a8c0144478aa999001a','f374e8aa44478a8c0144478aa9a8003e'),('f374e8aa44478a8c0144478aa999001a','f374e8aa44478a8c0144478aa9a8003f'),('f374e8aa44478a8c0144478aa999001a','f374e8aa44478a8c0144478aa9ad0040'),('f374e8aa44478a8c0144478aa999001a','f374e8aa44478a8c0144478aa9ad0041'),('f374e8aa44478a8c0144478aa999001a','f374e8aa44478a8c0144478aa9ad0042'),('f374e8aa44478a8c0144478aa999001a','f374e8aa44478a8c0144478aa9ad0043'),('f374e8aa44478a8c0144478aa999001a','f374e8aa44478a8c0144478aa9ad0044'),('f374e8aa44478a8c0144478aa999001a','f374e8aa44478a8c0144478aa9ad0045'),('f374e8aa44478a8c0144478aa999001a','f374e8aa44478a8c0144478aa9ad0046'),('f374e8aa44478a8c0144478aa999001a','f374e8aa44478a8c0144478aa9ad0047'),('f374e8aa44478a8c0144478aa999001a','f374e8aa44478a8c0144478aa9ad0048'),('f374e8aa44478a8c0144478aa999001a','f374e8aa44478a8c0144478aa9ad0049'),('f374e8aa44478a8c0144478aa999001a','f374e8aa44478a8c0144478aa9ad004a'),('f374e8aa44478a8c0144478aa999001a','f374e8aa44478a8c0144478aa9b2004b'),('f374e8aa44478a8c0144478aa999001a','f374e8aa44478a8c0144478aa9b2004c'),('f374e8aa44478a8c0144478aa999001a','f374e8aa44478a8c0144478aa9b2004d'),('f374e8aa44478a8c0144478aa99e001e','f374e8aa44478a8c0144478aa9990009'),('f374e8aa44478a8c0144478aa99e001e','f374e8aa44478a8c0144478aa999000e'),('f374e8aa44478a8c0144478aa99e001e','f374e8aa44478a8c0144478aa9990012'),('f374e8aa44478a8c0144478aa99e001e','f374e8aa44478a8c0144478aa9990016'),('f374e8aa44478a8c0144478aa99e001e','f374e8aa44478a8c0144478aa9990019'),('f374e8aa44478a8c0144478aa99e001e','f374e8aa44478a8c0144478aa99e001d'),('f374e8aa44478a8c0144478aa99e001e','f374e8aa44478a8c0144478aa99e0022'),('f374e8aa44478a8c0144478aa99e001e','f374e8aa44478a8c0144478aa99e0023'),('f374e8aa44478a8c0144478aa99e001e','f374e8aa44478a8c0144478aa99e0024'),('f374e8aa44478a8c0144478aa99e001e','f374e8aa44478a8c0144478aa99e0025'),('f374e8aa44478a8c0144478aa99e001e','f374e8aa44478a8c0144478aa99e0026'),('f374e8aa44478a8c0144478aa99e001e','f374e8aa44478a8c0144478aa99e0027'),('f374e8aa44478a8c0144478aa99e001e','f374e8aa44478a8c0144478aa99e0028'),('f374e8aa44478a8c0144478aa99e001e','f374e8aa44478a8c0144478aa99e0029'),('f374e8aa44478a8c0144478aa99e001e','f374e8aa44478a8c0144478aa99e002a'),('f374e8aa44478a8c0144478aa99e001e','f374e8aa44478a8c0144478aa9a3002b'),('f374e8aa44478a8c0144478aa99e001e','f374e8aa44478a8c0144478aa9a3002c'),('f374e8aa44478a8c0144478aa99e001e','f374e8aa44478a8c0144478aa9a3002d'),('f374e8aa44478a8c0144478aa99e001e','f374e8aa44478a8c0144478aa9a3002e'),('f374e8aa44478a8c0144478aa99e001e','f374e8aa44478a8c0144478aa9a3002f'),('f374e8aa44478a8c0144478aa99e001e','f374e8aa44478a8c0144478aa9a30030'),('f374e8aa44478a8c0144478aa99e001e','f374e8aa44478a8c0144478aa9a30031'),('f374e8aa44478a8c0144478aa99e001e','f374e8aa44478a8c0144478aa9a30032'),('f374e8aa44478a8c0144478aa99e001e','f374e8aa44478a8c0144478aa9a30033'),('f374e8aa44478a8c0144478aa99e001e','f374e8aa44478a8c0144478aa9a30034'),('f374e8aa44478a8c0144478aa99e001e','f374e8aa44478a8c0144478aa9a30035'),('f374e8aa44478a8c0144478aa99e001e','f374e8aa44478a8c0144478aa9a30036'),('f374e8aa44478a8c0144478aa99e001e','f374e8aa44478a8c0144478aa9a30037'),('f374e8aa44478a8c0144478aa99e001e','f374e8aa44478a8c0144478aa9a80038'),('f374e8aa44478a8c0144478aa99e001e','f374e8aa44478a8c0144478aa9a80039'),('f374e8aa44478a8c0144478aa99e001e','f374e8aa44478a8c0144478aa9a8003a'),('f374e8aa44478a8c0144478aa99e001e','f374e8aa44478a8c0144478aa9a8003b'),('f374e8aa44478a8c0144478aa99e001e','f374e8aa44478a8c0144478aa9a8003c'),('f374e8aa44478a8c0144478aa99e001e','f374e8aa44478a8c0144478aa9a8003d'),('f374e8aa44478a8c0144478aa99e001e','f374e8aa44478a8c0144478aa9a8003e'),('f374e8aa44478a8c0144478aa99e001e','f374e8aa44478a8c0144478aa9a8003f'),('f374e8aa44478a8c0144478aa99e001e','f374e8aa44478a8c0144478aa9ad0040'),('f374e8aa44478a8c0144478aa99e001e','f374e8aa44478a8c0144478aa9ad0041'),('f374e8aa44478a8c0144478aa99e001e','f374e8aa44478a8c0144478aa9ad0042'),('f374e8aa44478a8c0144478aa99e001e','f374e8aa44478a8c0144478aa9ad0043'),('f374e8aa44478a8c0144478aa99e001e','f374e8aa44478a8c0144478aa9ad0044'),('f374e8aa44478a8c0144478aa99e001e','f374e8aa44478a8c0144478aa9ad0045'),('f374e8aa44478a8c0144478aa99e001e','f374e8aa44478a8c0144478aa9ad0046'),('f374e8aa44478a8c0144478aa99e001e','f374e8aa44478a8c0144478aa9ad0047'),('f374e8aa44478a8c0144478aa99e001e','f374e8aa44478a8c0144478aa9ad0048'),('f374e8aa44478a8c0144478aa99e001e','f374e8aa44478a8c0144478aa9ad0049'),('f374e8aa44478a8c0144478aa99e001e','f374e8aa44478a8c0144478aa9ad004a'),('f374e8aa44478a8c0144478aa99e001e','f374e8aa44478a8c0144478aa9b2004b'),('f374e8aa44478a8c0144478aa99e001e','f374e8aa44478a8c0144478aa9b2004c'),('f374e8aa44478a8c0144478aa99e001e','f374e8aa44478a8c0144478aa9b2004d'),('f374e8aa44478b110144478b2ea4000a','f374e8aa44478b110144478b2ea40009'),('f374e8aa44478b110144478b2ea4000a','f374e8aa44478b110144478b2ea9000e'),('f374e8aa44478b110144478b2ea4000a','f374e8aa44478b110144478b2ea90012'),('f374e8aa44478b110144478b2ea4000a','f374e8aa44478b110144478b2ea90016'),('f374e8aa44478b110144478b2ea4000a','f374e8aa44478b110144478b2ea90019'),('f374e8aa44478b110144478b2ea4000a','f374e8aa44478b110144478b2ea9001d'),('f374e8aa44478b110144478b2ea4000a','f374e8aa44478b110144478b2eae0022'),('f374e8aa44478b110144478b2ea4000a','f374e8aa44478b110144478b2eae0023'),('f374e8aa44478b110144478b2ea4000a','f374e8aa44478b110144478b2eae0024'),('f374e8aa44478b110144478b2ea4000a','f374e8aa44478b110144478b2eae0025'),('f374e8aa44478b110144478b2ea4000a','f374e8aa44478b110144478b2eae0026'),('f374e8aa44478b110144478b2ea4000a','f374e8aa44478b110144478b2eae0027'),('f374e8aa44478b110144478b2ea4000a','f374e8aa44478b110144478b2eae0028'),('f374e8aa44478b110144478b2ea4000a','f374e8aa44478b110144478b2eae0029'),('f374e8aa44478b110144478b2ea4000a','f374e8aa44478b110144478b2eae002a'),('f374e8aa44478b110144478b2ea4000a','f374e8aa44478b110144478b2eae002b'),('f374e8aa44478b110144478b2ea4000a','f374e8aa44478b110144478b2eae002c'),('f374e8aa44478b110144478b2ea4000a','f374e8aa44478b110144478b2eae002d'),('f374e8aa44478b110144478b2ea4000a','f374e8aa44478b110144478b2eb3002e'),('f374e8aa44478b110144478b2ea4000a','f374e8aa44478b110144478b2eb3002f'),('f374e8aa44478b110144478b2ea4000a','f374e8aa44478b110144478b2eb30030'),('f374e8aa44478b110144478b2ea4000a','f374e8aa44478b110144478b2eb30031'),('f374e8aa44478b110144478b2ea4000a','f374e8aa44478b110144478b2eb30032'),('f374e8aa44478b110144478b2ea4000a','f374e8aa44478b110144478b2eb30033'),('f374e8aa44478b110144478b2ea4000a','f374e8aa44478b110144478b2eb30034'),('f374e8aa44478b110144478b2ea4000a','f374e8aa44478b110144478b2eb30035'),('f374e8aa44478b110144478b2ea4000a','f374e8aa44478b110144478b2eb30036'),('f374e8aa44478b110144478b2ea4000a','f374e8aa44478b110144478b2eb30037'),('f374e8aa44478b110144478b2ea4000a','f374e8aa44478b110144478b2eb30038'),('f374e8aa44478b110144478b2ea4000a','f374e8aa44478b110144478b2eb30039'),('f374e8aa44478b110144478b2ea4000a','f374e8aa44478b110144478b2eb3003a'),('f374e8aa44478b110144478b2ea4000a','f374e8aa44478b110144478b2eb3003b'),('f374e8aa44478b110144478b2ea4000a','f374e8aa44478b110144478b2eb3003c'),('f374e8aa44478b110144478b2ea4000a','f374e8aa44478b110144478b2eb3003d'),('f374e8aa44478b110144478b2ea4000a','f374e8aa44478b110144478b2eb8003e'),('f374e8aa44478b110144478b2ea4000a','f374e8aa44478b110144478b2eb8003f'),('f374e8aa44478b110144478b2ea4000a','f374e8aa44478b110144478b2eb80040'),('f374e8aa44478b110144478b2ea4000a','f374e8aa44478b110144478b2eb80041'),('f374e8aa44478b110144478b2ea4000a','f374e8aa44478b110144478b2eb80042'),('f374e8aa44478b110144478b2ea4000a','f374e8aa44478b110144478b2eb80043'),('f374e8aa44478b110144478b2ea4000a','f374e8aa44478b110144478b2eb80044'),('f374e8aa44478b110144478b2ea4000a','f374e8aa44478b110144478b2eb80045'),('f374e8aa44478b110144478b2ea4000a','f374e8aa44478b110144478b2eb80046'),('f374e8aa44478b110144478b2ea4000a','f374e8aa44478b110144478b2eb80047'),('f374e8aa44478b110144478b2ea4000a','f374e8aa44478b110144478b2eb80048'),('f374e8aa44478b110144478b2ea4000a','f374e8aa44478b110144478b2eb80049'),('f374e8aa44478b110144478b2ea4000a','f374e8aa44478b110144478b2eb8004a'),('f374e8aa44478b110144478b2ea4000a','f374e8aa44478b110144478b2eb8004b'),('f374e8aa44478b110144478b2ea4000a','f374e8aa44478b110144478b2eb8004c'),('f374e8aa44478b110144478b2ea4000a','f374e8aa44478b110144478b2eb8004d'),('f374e8aa44478b110144478b2ea9000f','f374e8aa44478b110144478b2ea40009'),('f374e8aa44478b110144478b2ea9000f','f374e8aa44478b110144478b2ea9000e'),('f374e8aa44478b110144478b2ea9000f','f374e8aa44478b110144478b2ea90012'),('f374e8aa44478b110144478b2ea9000f','f374e8aa44478b110144478b2ea90016'),('f374e8aa44478b110144478b2ea9000f','f374e8aa44478b110144478b2ea90019'),('f374e8aa44478b110144478b2ea9000f','f374e8aa44478b110144478b2ea9001d'),('f374e8aa44478b110144478b2ea9000f','f374e8aa44478b110144478b2eae0022'),('f374e8aa44478b110144478b2ea9000f','f374e8aa44478b110144478b2eae0023'),('f374e8aa44478b110144478b2ea9000f','f374e8aa44478b110144478b2eae0024'),('f374e8aa44478b110144478b2ea9000f','f374e8aa44478b110144478b2eae0025'),('f374e8aa44478b110144478b2ea9000f','f374e8aa44478b110144478b2eae0026'),('f374e8aa44478b110144478b2ea9000f','f374e8aa44478b110144478b2eae0027'),('f374e8aa44478b110144478b2ea9000f','f374e8aa44478b110144478b2eae0028'),('f374e8aa44478b110144478b2ea9000f','f374e8aa44478b110144478b2eae0029'),('f374e8aa44478b110144478b2ea9000f','f374e8aa44478b110144478b2eae002a'),('f374e8aa44478b110144478b2ea9000f','f374e8aa44478b110144478b2eae002b'),('f374e8aa44478b110144478b2ea9000f','f374e8aa44478b110144478b2eae002c'),('f374e8aa44478b110144478b2ea9000f','f374e8aa44478b110144478b2eae002d'),('f374e8aa44478b110144478b2ea9000f','f374e8aa44478b110144478b2eb3002e'),('f374e8aa44478b110144478b2ea9000f','f374e8aa44478b110144478b2eb3002f'),('f374e8aa44478b110144478b2ea9000f','f374e8aa44478b110144478b2eb30030'),('f374e8aa44478b110144478b2ea9000f','f374e8aa44478b110144478b2eb30031'),('f374e8aa44478b110144478b2ea9000f','f374e8aa44478b110144478b2eb30032'),('f374e8aa44478b110144478b2ea9000f','f374e8aa44478b110144478b2eb30033'),('f374e8aa44478b110144478b2ea9000f','f374e8aa44478b110144478b2eb30034'),('f374e8aa44478b110144478b2ea9000f','f374e8aa44478b110144478b2eb30035'),('f374e8aa44478b110144478b2ea9000f','f374e8aa44478b110144478b2eb30036'),('f374e8aa44478b110144478b2ea9000f','f374e8aa44478b110144478b2eb30037'),('f374e8aa44478b110144478b2ea9000f','f374e8aa44478b110144478b2eb30038'),('f374e8aa44478b110144478b2ea9000f','f374e8aa44478b110144478b2eb30039'),('f374e8aa44478b110144478b2ea9000f','f374e8aa44478b110144478b2eb3003a'),('f374e8aa44478b110144478b2ea9000f','f374e8aa44478b110144478b2eb3003b'),('f374e8aa44478b110144478b2ea9000f','f374e8aa44478b110144478b2eb3003c'),('f374e8aa44478b110144478b2ea9000f','f374e8aa44478b110144478b2eb3003d'),('f374e8aa44478b110144478b2ea9000f','f374e8aa44478b110144478b2eb8003e'),('f374e8aa44478b110144478b2ea9000f','f374e8aa44478b110144478b2eb8003f'),('f374e8aa44478b110144478b2ea9000f','f374e8aa44478b110144478b2eb80040'),('f374e8aa44478b110144478b2ea9000f','f374e8aa44478b110144478b2eb80041'),('f374e8aa44478b110144478b2ea9000f','f374e8aa44478b110144478b2eb80042'),('f374e8aa44478b110144478b2ea9000f','f374e8aa44478b110144478b2eb80043'),('f374e8aa44478b110144478b2ea9000f','f374e8aa44478b110144478b2eb80044'),('f374e8aa44478b110144478b2ea9000f','f374e8aa44478b110144478b2eb80045'),('f374e8aa44478b110144478b2ea9000f','f374e8aa44478b110144478b2eb80046'),('f374e8aa44478b110144478b2ea9000f','f374e8aa44478b110144478b2eb80047'),('f374e8aa44478b110144478b2ea9000f','f374e8aa44478b110144478b2eb80048'),('f374e8aa44478b110144478b2ea9000f','f374e8aa44478b110144478b2eb80049'),('f374e8aa44478b110144478b2ea9000f','f374e8aa44478b110144478b2eb8004a'),('f374e8aa44478b110144478b2ea9000f','f374e8aa44478b110144478b2eb8004b'),('f374e8aa44478b110144478b2ea9000f','f374e8aa44478b110144478b2eb8004c'),('f374e8aa44478b110144478b2ea9000f','f374e8aa44478b110144478b2eb8004d'),('f374e8aa44478b110144478b2ea90013','f374e8aa44478b110144478b2ea40009'),('f374e8aa44478b110144478b2ea90013','f374e8aa44478b110144478b2ea9000e'),('f374e8aa44478b110144478b2ea90013','f374e8aa44478b110144478b2ea90012'),('f374e8aa44478b110144478b2ea90013','f374e8aa44478b110144478b2ea90016'),('f374e8aa44478b110144478b2ea90013','f374e8aa44478b110144478b2ea90019'),('f374e8aa44478b110144478b2ea90013','f374e8aa44478b110144478b2ea9001d'),('f374e8aa44478b110144478b2ea90013','f374e8aa44478b110144478b2eae0022'),('f374e8aa44478b110144478b2ea90013','f374e8aa44478b110144478b2eae0023'),('f374e8aa44478b110144478b2ea90013','f374e8aa44478b110144478b2eae0024'),('f374e8aa44478b110144478b2ea90013','f374e8aa44478b110144478b2eae0025'),('f374e8aa44478b110144478b2ea90013','f374e8aa44478b110144478b2eae0026'),('f374e8aa44478b110144478b2ea90013','f374e8aa44478b110144478b2eae0027'),('f374e8aa44478b110144478b2ea90013','f374e8aa44478b110144478b2eae0028'),('f374e8aa44478b110144478b2ea90013','f374e8aa44478b110144478b2eae0029'),('f374e8aa44478b110144478b2ea90013','f374e8aa44478b110144478b2eae002a'),('f374e8aa44478b110144478b2ea90013','f374e8aa44478b110144478b2eae002b'),('f374e8aa44478b110144478b2ea90013','f374e8aa44478b110144478b2eae002c'),('f374e8aa44478b110144478b2ea90013','f374e8aa44478b110144478b2eae002d'),('f374e8aa44478b110144478b2ea90013','f374e8aa44478b110144478b2eb3002e'),('f374e8aa44478b110144478b2ea90013','f374e8aa44478b110144478b2eb3002f'),('f374e8aa44478b110144478b2ea90013','f374e8aa44478b110144478b2eb30030'),('f374e8aa44478b110144478b2ea90013','f374e8aa44478b110144478b2eb30031'),('f374e8aa44478b110144478b2ea90013','f374e8aa44478b110144478b2eb30032'),('f374e8aa44478b110144478b2ea90013','f374e8aa44478b110144478b2eb30033'),('f374e8aa44478b110144478b2ea90013','f374e8aa44478b110144478b2eb30034'),('f374e8aa44478b110144478b2ea90013','f374e8aa44478b110144478b2eb30035'),('f374e8aa44478b110144478b2ea90013','f374e8aa44478b110144478b2eb30036'),('f374e8aa44478b110144478b2ea90013','f374e8aa44478b110144478b2eb30037'),('f374e8aa44478b110144478b2ea90013','f374e8aa44478b110144478b2eb30038'),('f374e8aa44478b110144478b2ea90013','f374e8aa44478b110144478b2eb30039'),('f374e8aa44478b110144478b2ea90013','f374e8aa44478b110144478b2eb3003a'),('f374e8aa44478b110144478b2ea90013','f374e8aa44478b110144478b2eb3003b'),('f374e8aa44478b110144478b2ea90013','f374e8aa44478b110144478b2eb3003c'),('f374e8aa44478b110144478b2ea90013','f374e8aa44478b110144478b2eb3003d'),('f374e8aa44478b110144478b2ea90013','f374e8aa44478b110144478b2eb8003e'),('f374e8aa44478b110144478b2ea90013','f374e8aa44478b110144478b2eb8003f'),('f374e8aa44478b110144478b2ea90013','f374e8aa44478b110144478b2eb80040'),('f374e8aa44478b110144478b2ea90013','f374e8aa44478b110144478b2eb80041'),('f374e8aa44478b110144478b2ea90013','f374e8aa44478b110144478b2eb80042'),('f374e8aa44478b110144478b2ea90013','f374e8aa44478b110144478b2eb80043'),('f374e8aa44478b110144478b2ea90013','f374e8aa44478b110144478b2eb80044'),('f374e8aa44478b110144478b2ea90013','f374e8aa44478b110144478b2eb80045'),('f374e8aa44478b110144478b2ea90013','f374e8aa44478b110144478b2eb80046'),('f374e8aa44478b110144478b2ea90013','f374e8aa44478b110144478b2eb80047'),('f374e8aa44478b110144478b2ea90013','f374e8aa44478b110144478b2eb80048'),('f374e8aa44478b110144478b2ea90013','f374e8aa44478b110144478b2eb80049'),('f374e8aa44478b110144478b2ea90013','f374e8aa44478b110144478b2eb8004a'),('f374e8aa44478b110144478b2ea90013','f374e8aa44478b110144478b2eb8004b'),('f374e8aa44478b110144478b2ea90013','f374e8aa44478b110144478b2eb8004c'),('f374e8aa44478b110144478b2ea90013','f374e8aa44478b110144478b2eb8004d'),('f374e8aa44478b110144478b2ea90017','f374e8aa44478b110144478b2ea40009'),('f374e8aa44478b110144478b2ea90017','f374e8aa44478b110144478b2ea9000e'),('f374e8aa44478b110144478b2ea90017','f374e8aa44478b110144478b2ea90012'),('f374e8aa44478b110144478b2ea90017','f374e8aa44478b110144478b2ea90016'),('f374e8aa44478b110144478b2ea90017','f374e8aa44478b110144478b2ea90019'),('f374e8aa44478b110144478b2ea90017','f374e8aa44478b110144478b2ea9001d'),('f374e8aa44478b110144478b2ea90017','f374e8aa44478b110144478b2eae0022'),('f374e8aa44478b110144478b2ea90017','f374e8aa44478b110144478b2eae0023'),('f374e8aa44478b110144478b2ea90017','f374e8aa44478b110144478b2eae0024'),('f374e8aa44478b110144478b2ea90017','f374e8aa44478b110144478b2eae0025'),('f374e8aa44478b110144478b2ea90017','f374e8aa44478b110144478b2eae0026'),('f374e8aa44478b110144478b2ea90017','f374e8aa44478b110144478b2eae0027'),('f374e8aa44478b110144478b2ea90017','f374e8aa44478b110144478b2eae0028'),('f374e8aa44478b110144478b2ea90017','f374e8aa44478b110144478b2eae0029'),('f374e8aa44478b110144478b2ea90017','f374e8aa44478b110144478b2eae002a'),('f374e8aa44478b110144478b2ea90017','f374e8aa44478b110144478b2eae002b'),('f374e8aa44478b110144478b2ea90017','f374e8aa44478b110144478b2eae002c'),('f374e8aa44478b110144478b2ea90017','f374e8aa44478b110144478b2eae002d'),('f374e8aa44478b110144478b2ea90017','f374e8aa44478b110144478b2eb3002e'),('f374e8aa44478b110144478b2ea90017','f374e8aa44478b110144478b2eb3002f'),('f374e8aa44478b110144478b2ea90017','f374e8aa44478b110144478b2eb30030'),('f374e8aa44478b110144478b2ea90017','f374e8aa44478b110144478b2eb30031'),('f374e8aa44478b110144478b2ea90017','f374e8aa44478b110144478b2eb30032'),('f374e8aa44478b110144478b2ea90017','f374e8aa44478b110144478b2eb30033'),('f374e8aa44478b110144478b2ea90017','f374e8aa44478b110144478b2eb30034'),('f374e8aa44478b110144478b2ea90017','f374e8aa44478b110144478b2eb30035'),('f374e8aa44478b110144478b2ea90017','f374e8aa44478b110144478b2eb30036'),('f374e8aa44478b110144478b2ea90017','f374e8aa44478b110144478b2eb30037'),('f374e8aa44478b110144478b2ea90017','f374e8aa44478b110144478b2eb30038'),('f374e8aa44478b110144478b2ea90017','f374e8aa44478b110144478b2eb30039'),('f374e8aa44478b110144478b2ea90017','f374e8aa44478b110144478b2eb3003a'),('f374e8aa44478b110144478b2ea90017','f374e8aa44478b110144478b2eb3003b'),('f374e8aa44478b110144478b2ea90017','f374e8aa44478b110144478b2eb3003c'),('f374e8aa44478b110144478b2ea90017','f374e8aa44478b110144478b2eb3003d'),('f374e8aa44478b110144478b2ea90017','f374e8aa44478b110144478b2eb8003e'),('f374e8aa44478b110144478b2ea90017','f374e8aa44478b110144478b2eb8003f'),('f374e8aa44478b110144478b2ea90017','f374e8aa44478b110144478b2eb80040'),('f374e8aa44478b110144478b2ea90017','f374e8aa44478b110144478b2eb80041'),('f374e8aa44478b110144478b2ea90017','f374e8aa44478b110144478b2eb80042'),('f374e8aa44478b110144478b2ea90017','f374e8aa44478b110144478b2eb80043'),('f374e8aa44478b110144478b2ea90017','f374e8aa44478b110144478b2eb80044'),('f374e8aa44478b110144478b2ea90017','f374e8aa44478b110144478b2eb80045'),('f374e8aa44478b110144478b2ea90017','f374e8aa44478b110144478b2eb80046'),('f374e8aa44478b110144478b2ea90017','f374e8aa44478b110144478b2eb80047'),('f374e8aa44478b110144478b2ea90017','f374e8aa44478b110144478b2eb80048'),('f374e8aa44478b110144478b2ea90017','f374e8aa44478b110144478b2eb80049'),('f374e8aa44478b110144478b2ea90017','f374e8aa44478b110144478b2eb8004a'),('f374e8aa44478b110144478b2ea90017','f374e8aa44478b110144478b2eb8004b'),('f374e8aa44478b110144478b2ea90017','f374e8aa44478b110144478b2eb8004c'),('f374e8aa44478b110144478b2ea90017','f374e8aa44478b110144478b2eb8004d'),('f374e8aa44478b110144478b2ea9001a','f374e8aa44478b110144478b2ea40009'),('f374e8aa44478b110144478b2ea9001a','f374e8aa44478b110144478b2ea9000e'),('f374e8aa44478b110144478b2ea9001a','f374e8aa44478b110144478b2ea90012'),('f374e8aa44478b110144478b2ea9001a','f374e8aa44478b110144478b2ea90016'),('f374e8aa44478b110144478b2ea9001a','f374e8aa44478b110144478b2ea90019'),('f374e8aa44478b110144478b2ea9001a','f374e8aa44478b110144478b2ea9001d'),('f374e8aa44478b110144478b2ea9001a','f374e8aa44478b110144478b2eae0022'),('f374e8aa44478b110144478b2ea9001a','f374e8aa44478b110144478b2eae0023'),('f374e8aa44478b110144478b2ea9001a','f374e8aa44478b110144478b2eae0024'),('f374e8aa44478b110144478b2ea9001a','f374e8aa44478b110144478b2eae0025'),('f374e8aa44478b110144478b2ea9001a','f374e8aa44478b110144478b2eae0026'),('f374e8aa44478b110144478b2ea9001a','f374e8aa44478b110144478b2eae0027'),('f374e8aa44478b110144478b2ea9001a','f374e8aa44478b110144478b2eae0028'),('f374e8aa44478b110144478b2ea9001a','f374e8aa44478b110144478b2eae0029'),('f374e8aa44478b110144478b2ea9001a','f374e8aa44478b110144478b2eae002a'),('f374e8aa44478b110144478b2ea9001a','f374e8aa44478b110144478b2eae002b'),('f374e8aa44478b110144478b2ea9001a','f374e8aa44478b110144478b2eae002c'),('f374e8aa44478b110144478b2ea9001a','f374e8aa44478b110144478b2eae002d'),('f374e8aa44478b110144478b2ea9001a','f374e8aa44478b110144478b2eb3002e'),('f374e8aa44478b110144478b2ea9001a','f374e8aa44478b110144478b2eb3002f'),('f374e8aa44478b110144478b2ea9001a','f374e8aa44478b110144478b2eb30030'),('f374e8aa44478b110144478b2ea9001a','f374e8aa44478b110144478b2eb30031'),('f374e8aa44478b110144478b2ea9001a','f374e8aa44478b110144478b2eb30032'),('f374e8aa44478b110144478b2ea9001a','f374e8aa44478b110144478b2eb30033'),('f374e8aa44478b110144478b2ea9001a','f374e8aa44478b110144478b2eb30034'),('f374e8aa44478b110144478b2ea9001a','f374e8aa44478b110144478b2eb30035'),('f374e8aa44478b110144478b2ea9001a','f374e8aa44478b110144478b2eb30036'),('f374e8aa44478b110144478b2ea9001a','f374e8aa44478b110144478b2eb30037'),('f374e8aa44478b110144478b2ea9001a','f374e8aa44478b110144478b2eb30038'),('f374e8aa44478b110144478b2ea9001a','f374e8aa44478b110144478b2eb30039'),('f374e8aa44478b110144478b2ea9001a','f374e8aa44478b110144478b2eb3003a'),('f374e8aa44478b110144478b2ea9001a','f374e8aa44478b110144478b2eb3003b'),('f374e8aa44478b110144478b2ea9001a','f374e8aa44478b110144478b2eb3003c'),('f374e8aa44478b110144478b2ea9001a','f374e8aa44478b110144478b2eb3003d'),('f374e8aa44478b110144478b2ea9001a','f374e8aa44478b110144478b2eb8003e'),('f374e8aa44478b110144478b2ea9001a','f374e8aa44478b110144478b2eb8003f'),('f374e8aa44478b110144478b2ea9001a','f374e8aa44478b110144478b2eb80040'),('f374e8aa44478b110144478b2ea9001a','f374e8aa44478b110144478b2eb80041'),('f374e8aa44478b110144478b2ea9001a','f374e8aa44478b110144478b2eb80042'),('f374e8aa44478b110144478b2ea9001a','f374e8aa44478b110144478b2eb80043'),('f374e8aa44478b110144478b2ea9001a','f374e8aa44478b110144478b2eb80044'),('f374e8aa44478b110144478b2ea9001a','f374e8aa44478b110144478b2eb80045'),('f374e8aa44478b110144478b2ea9001a','f374e8aa44478b110144478b2eb80046'),('f374e8aa44478b110144478b2ea9001a','f374e8aa44478b110144478b2eb80047'),('f374e8aa44478b110144478b2ea9001a','f374e8aa44478b110144478b2eb80048'),('f374e8aa44478b110144478b2ea9001a','f374e8aa44478b110144478b2eb80049'),('f374e8aa44478b110144478b2ea9001a','f374e8aa44478b110144478b2eb8004a'),('f374e8aa44478b110144478b2ea9001a','f374e8aa44478b110144478b2eb8004b'),('f374e8aa44478b110144478b2ea9001a','f374e8aa44478b110144478b2eb8004c'),('f374e8aa44478b110144478b2ea9001a','f374e8aa44478b110144478b2eb8004d'),('f374e8aa44478b110144478b2eae001e','f374e8aa44478b110144478b2ea40009'),('f374e8aa44478b110144478b2eae001e','f374e8aa44478b110144478b2ea9000e'),('f374e8aa44478b110144478b2eae001e','f374e8aa44478b110144478b2ea90012'),('f374e8aa44478b110144478b2eae001e','f374e8aa44478b110144478b2ea90016'),('f374e8aa44478b110144478b2eae001e','f374e8aa44478b110144478b2ea90019'),('f374e8aa44478b110144478b2eae001e','f374e8aa44478b110144478b2ea9001d'),('f374e8aa44478b110144478b2eae001e','f374e8aa44478b110144478b2eae0022'),('f374e8aa44478b110144478b2eae001e','f374e8aa44478b110144478b2eae0023'),('f374e8aa44478b110144478b2eae001e','f374e8aa44478b110144478b2eae0024'),('f374e8aa44478b110144478b2eae001e','f374e8aa44478b110144478b2eae0025'),('f374e8aa44478b110144478b2eae001e','f374e8aa44478b110144478b2eae0026'),('f374e8aa44478b110144478b2eae001e','f374e8aa44478b110144478b2eae0027'),('f374e8aa44478b110144478b2eae001e','f374e8aa44478b110144478b2eae0028'),('f374e8aa44478b110144478b2eae001e','f374e8aa44478b110144478b2eae0029'),('f374e8aa44478b110144478b2eae001e','f374e8aa44478b110144478b2eae002a'),('f374e8aa44478b110144478b2eae001e','f374e8aa44478b110144478b2eae002b'),('f374e8aa44478b110144478b2eae001e','f374e8aa44478b110144478b2eae002c'),('f374e8aa44478b110144478b2eae001e','f374e8aa44478b110144478b2eae002d'),('f374e8aa44478b110144478b2eae001e','f374e8aa44478b110144478b2eb3002e'),('f374e8aa44478b110144478b2eae001e','f374e8aa44478b110144478b2eb3002f'),('f374e8aa44478b110144478b2eae001e','f374e8aa44478b110144478b2eb30030'),('f374e8aa44478b110144478b2eae001e','f374e8aa44478b110144478b2eb30031'),('f374e8aa44478b110144478b2eae001e','f374e8aa44478b110144478b2eb30032'),('f374e8aa44478b110144478b2eae001e','f374e8aa44478b110144478b2eb30033'),('f374e8aa44478b110144478b2eae001e','f374e8aa44478b110144478b2eb30034'),('f374e8aa44478b110144478b2eae001e','f374e8aa44478b110144478b2eb30035'),('f374e8aa44478b110144478b2eae001e','f374e8aa44478b110144478b2eb30036'),('f374e8aa44478b110144478b2eae001e','f374e8aa44478b110144478b2eb30037'),('f374e8aa44478b110144478b2eae001e','f374e8aa44478b110144478b2eb30038'),('f374e8aa44478b110144478b2eae001e','f374e8aa44478b110144478b2eb30039'),('f374e8aa44478b110144478b2eae001e','f374e8aa44478b110144478b2eb3003a'),('f374e8aa44478b110144478b2eae001e','f374e8aa44478b110144478b2eb3003b'),('f374e8aa44478b110144478b2eae001e','f374e8aa44478b110144478b2eb3003c'),('f374e8aa44478b110144478b2eae001e','f374e8aa44478b110144478b2eb3003d'),('f374e8aa44478b110144478b2eae001e','f374e8aa44478b110144478b2eb8003e'),('f374e8aa44478b110144478b2eae001e','f374e8aa44478b110144478b2eb8003f'),('f374e8aa44478b110144478b2eae001e','f374e8aa44478b110144478b2eb80040'),('f374e8aa44478b110144478b2eae001e','f374e8aa44478b110144478b2eb80041'),('f374e8aa44478b110144478b2eae001e','f374e8aa44478b110144478b2eb80042'),('f374e8aa44478b110144478b2eae001e','f374e8aa44478b110144478b2eb80043'),('f374e8aa44478b110144478b2eae001e','f374e8aa44478b110144478b2eb80044'),('f374e8aa44478b110144478b2eae001e','f374e8aa44478b110144478b2eb80045'),('f374e8aa44478b110144478b2eae001e','f374e8aa44478b110144478b2eb80046'),('f374e8aa44478b110144478b2eae001e','f374e8aa44478b110144478b2eb80047'),('f374e8aa44478b110144478b2eae001e','f374e8aa44478b110144478b2eb80048'),('f374e8aa44478b110144478b2eae001e','f374e8aa44478b110144478b2eb80049'),('f374e8aa44478b110144478b2eae001e','f374e8aa44478b110144478b2eb8004a'),('f374e8aa44478b110144478b2eae001e','f374e8aa44478b110144478b2eb8004b'),('f374e8aa44478b110144478b2eae001e','f374e8aa44478b110144478b2eb8004c'),('f374e8aa44478b110144478b2eae001e','f374e8aa44478b110144478b2eb8004d'),('f374e8aa44478c040144478c1c4c000a','f374e8aa44478c040144478c1c4c0009'),('f374e8aa44478c040144478c1c4c000a','f374e8aa44478c040144478c1c51000e'),('f374e8aa44478c040144478c1c4c000a','f374e8aa44478c040144478c1c510012'),('f374e8aa44478c040144478c1c4c000a','f374e8aa44478c040144478c1c510016'),('f374e8aa44478c040144478c1c4c000a','f374e8aa44478c040144478c1c510019'),('f374e8aa44478c040144478c1c4c000a','f374e8aa44478c040144478c1c51001d'),('f374e8aa44478c040144478c1c4c000a','f374e8aa44478c040144478c1c560022'),('f374e8aa44478c040144478c1c4c000a','f374e8aa44478c040144478c1c560023'),('f374e8aa44478c040144478c1c4c000a','f374e8aa44478c040144478c1c560024'),('f374e8aa44478c040144478c1c4c000a','f374e8aa44478c040144478c1c560025'),('f374e8aa44478c040144478c1c4c000a','f374e8aa44478c040144478c1c560026'),('f374e8aa44478c040144478c1c4c000a','f374e8aa44478c040144478c1c560027'),('f374e8aa44478c040144478c1c4c000a','f374e8aa44478c040144478c1c560028'),('f374e8aa44478c040144478c1c4c000a','f374e8aa44478c040144478c1c560029'),('f374e8aa44478c040144478c1c4c000a','f374e8aa44478c040144478c1c56002a'),('f374e8aa44478c040144478c1c4c000a','f374e8aa44478c040144478c1c56002b'),('f374e8aa44478c040144478c1c4c000a','f374e8aa44478c040144478c1c56002c'),('f374e8aa44478c040144478c1c4c000a','f374e8aa44478c040144478c1c5b002d'),('f374e8aa44478c040144478c1c4c000a','f374e8aa44478c040144478c1c5b002e'),('f374e8aa44478c040144478c1c4c000a','f374e8aa44478c040144478c1c5b002f'),('f374e8aa44478c040144478c1c4c000a','f374e8aa44478c040144478c1c5b0030'),('f374e8aa44478c040144478c1c4c000a','f374e8aa44478c040144478c1c5b0031'),('f374e8aa44478c040144478c1c4c000a','f374e8aa44478c040144478c1c5b0032'),('f374e8aa44478c040144478c1c4c000a','f374e8aa44478c040144478c1c5b0033'),('f374e8aa44478c040144478c1c4c000a','f374e8aa44478c040144478c1c5b0034'),('f374e8aa44478c040144478c1c4c000a','f374e8aa44478c040144478c1c5b0035'),('f374e8aa44478c040144478c1c4c000a','f374e8aa44478c040144478c1c5b0036'),('f374e8aa44478c040144478c1c4c000a','f374e8aa44478c040144478c1c5b0037'),('f374e8aa44478c040144478c1c4c000a','f374e8aa44478c040144478c1c5b0038'),('f374e8aa44478c040144478c1c4c000a','f374e8aa44478c040144478c1c5b0039'),('f374e8aa44478c040144478c1c4c000a','f374e8aa44478c040144478c1c5b003a'),('f374e8aa44478c040144478c1c4c000a','f374e8aa44478c040144478c1c5b003b'),('f374e8aa44478c040144478c1c4c000a','f374e8aa44478c040144478c1c60003c'),('f374e8aa44478c040144478c1c4c000a','f374e8aa44478c040144478c1c60003d'),('f374e8aa44478c040144478c1c4c000a','f374e8aa44478c040144478c1c60003e'),('f374e8aa44478c040144478c1c4c000a','f374e8aa44478c040144478c1c60003f'),('f374e8aa44478c040144478c1c4c000a','f374e8aa44478c040144478c1c600040'),('f374e8aa44478c040144478c1c4c000a','f374e8aa44478c040144478c1c600041'),('f374e8aa44478c040144478c1c4c000a','f374e8aa44478c040144478c1c600042'),('f374e8aa44478c040144478c1c4c000a','f374e8aa44478c040144478c1c600043'),('f374e8aa44478c040144478c1c4c000a','f374e8aa44478c040144478c1c600044'),('f374e8aa44478c040144478c1c4c000a','f374e8aa44478c040144478c1c600045'),('f374e8aa44478c040144478c1c4c000a','f374e8aa44478c040144478c1c600046'),('f374e8aa44478c040144478c1c4c000a','f374e8aa44478c040144478c1c600047'),('f374e8aa44478c040144478c1c4c000a','f374e8aa44478c040144478c1c600048'),('f374e8aa44478c040144478c1c4c000a','f374e8aa44478c040144478c1c600049'),('f374e8aa44478c040144478c1c4c000a','f374e8aa44478c040144478c1c60004a'),('f374e8aa44478c040144478c1c4c000a','f374e8aa44478c040144478c1c60004b'),('f374e8aa44478c040144478c1c4c000a','f374e8aa44478c040144478c1c65004c'),('f374e8aa44478c040144478c1c4c000a','f374e8aa44478c040144478c1c65004d'),('f374e8aa44478c040144478c1c51000f','f374e8aa44478c040144478c1c4c0009'),('f374e8aa44478c040144478c1c51000f','f374e8aa44478c040144478c1c51000e'),('f374e8aa44478c040144478c1c51000f','f374e8aa44478c040144478c1c510012'),('f374e8aa44478c040144478c1c51000f','f374e8aa44478c040144478c1c510016'),('f374e8aa44478c040144478c1c51000f','f374e8aa44478c040144478c1c510019'),('f374e8aa44478c040144478c1c51000f','f374e8aa44478c040144478c1c51001d'),('f374e8aa44478c040144478c1c51000f','f374e8aa44478c040144478c1c560022'),('f374e8aa44478c040144478c1c51000f','f374e8aa44478c040144478c1c560023'),('f374e8aa44478c040144478c1c51000f','f374e8aa44478c040144478c1c560024'),('f374e8aa44478c040144478c1c51000f','f374e8aa44478c040144478c1c560025'),('f374e8aa44478c040144478c1c51000f','f374e8aa44478c040144478c1c560026'),('f374e8aa44478c040144478c1c51000f','f374e8aa44478c040144478c1c560027'),('f374e8aa44478c040144478c1c51000f','f374e8aa44478c040144478c1c560028'),('f374e8aa44478c040144478c1c51000f','f374e8aa44478c040144478c1c560029'),('f374e8aa44478c040144478c1c51000f','f374e8aa44478c040144478c1c56002a'),('f374e8aa44478c040144478c1c51000f','f374e8aa44478c040144478c1c56002b'),('f374e8aa44478c040144478c1c51000f','f374e8aa44478c040144478c1c56002c'),('f374e8aa44478c040144478c1c51000f','f374e8aa44478c040144478c1c5b002d'),('f374e8aa44478c040144478c1c51000f','f374e8aa44478c040144478c1c5b002e'),('f374e8aa44478c040144478c1c51000f','f374e8aa44478c040144478c1c5b002f'),('f374e8aa44478c040144478c1c51000f','f374e8aa44478c040144478c1c5b0030'),('f374e8aa44478c040144478c1c51000f','f374e8aa44478c040144478c1c5b0031'),('f374e8aa44478c040144478c1c51000f','f374e8aa44478c040144478c1c5b0032'),('f374e8aa44478c040144478c1c51000f','f374e8aa44478c040144478c1c5b0033'),('f374e8aa44478c040144478c1c51000f','f374e8aa44478c040144478c1c5b0034'),('f374e8aa44478c040144478c1c51000f','f374e8aa44478c040144478c1c5b0035'),('f374e8aa44478c040144478c1c51000f','f374e8aa44478c040144478c1c5b0036'),('f374e8aa44478c040144478c1c51000f','f374e8aa44478c040144478c1c5b0037'),('f374e8aa44478c040144478c1c51000f','f374e8aa44478c040144478c1c5b0038'),('f374e8aa44478c040144478c1c51000f','f374e8aa44478c040144478c1c5b0039'),('f374e8aa44478c040144478c1c51000f','f374e8aa44478c040144478c1c5b003a'),('f374e8aa44478c040144478c1c51000f','f374e8aa44478c040144478c1c5b003b'),('f374e8aa44478c040144478c1c51000f','f374e8aa44478c040144478c1c60003c'),('f374e8aa44478c040144478c1c51000f','f374e8aa44478c040144478c1c60003d'),('f374e8aa44478c040144478c1c51000f','f374e8aa44478c040144478c1c60003e'),('f374e8aa44478c040144478c1c51000f','f374e8aa44478c040144478c1c60003f'),('f374e8aa44478c040144478c1c51000f','f374e8aa44478c040144478c1c600040'),('f374e8aa44478c040144478c1c51000f','f374e8aa44478c040144478c1c600041'),('f374e8aa44478c040144478c1c51000f','f374e8aa44478c040144478c1c600042'),('f374e8aa44478c040144478c1c51000f','f374e8aa44478c040144478c1c600043'),('f374e8aa44478c040144478c1c51000f','f374e8aa44478c040144478c1c600044'),('f374e8aa44478c040144478c1c51000f','f374e8aa44478c040144478c1c600045'),('f374e8aa44478c040144478c1c51000f','f374e8aa44478c040144478c1c600046'),('f374e8aa44478c040144478c1c51000f','f374e8aa44478c040144478c1c600047'),('f374e8aa44478c040144478c1c51000f','f374e8aa44478c040144478c1c600048'),('f374e8aa44478c040144478c1c51000f','f374e8aa44478c040144478c1c600049'),('f374e8aa44478c040144478c1c51000f','f374e8aa44478c040144478c1c60004a'),('f374e8aa44478c040144478c1c51000f','f374e8aa44478c040144478c1c60004b'),('f374e8aa44478c040144478c1c51000f','f374e8aa44478c040144478c1c65004c'),('f374e8aa44478c040144478c1c51000f','f374e8aa44478c040144478c1c65004d'),('f374e8aa44478c040144478c1c510013','f374e8aa44478c040144478c1c4c0009'),('f374e8aa44478c040144478c1c510013','f374e8aa44478c040144478c1c51000e'),('f374e8aa44478c040144478c1c510013','f374e8aa44478c040144478c1c510012'),('f374e8aa44478c040144478c1c510013','f374e8aa44478c040144478c1c510016'),('f374e8aa44478c040144478c1c510013','f374e8aa44478c040144478c1c510019'),('f374e8aa44478c040144478c1c510013','f374e8aa44478c040144478c1c51001d'),('f374e8aa44478c040144478c1c510013','f374e8aa44478c040144478c1c560022'),('f374e8aa44478c040144478c1c510013','f374e8aa44478c040144478c1c560023'),('f374e8aa44478c040144478c1c510013','f374e8aa44478c040144478c1c560024'),('f374e8aa44478c040144478c1c510013','f374e8aa44478c040144478c1c560025'),('f374e8aa44478c040144478c1c510013','f374e8aa44478c040144478c1c560026'),('f374e8aa44478c040144478c1c510013','f374e8aa44478c040144478c1c560027'),('f374e8aa44478c040144478c1c510013','f374e8aa44478c040144478c1c560028'),('f374e8aa44478c040144478c1c510013','f374e8aa44478c040144478c1c560029'),('f374e8aa44478c040144478c1c510013','f374e8aa44478c040144478c1c56002a'),('f374e8aa44478c040144478c1c510013','f374e8aa44478c040144478c1c56002b'),('f374e8aa44478c040144478c1c510013','f374e8aa44478c040144478c1c56002c'),('f374e8aa44478c040144478c1c510013','f374e8aa44478c040144478c1c5b002d'),('f374e8aa44478c040144478c1c510013','f374e8aa44478c040144478c1c5b002e'),('f374e8aa44478c040144478c1c510013','f374e8aa44478c040144478c1c5b002f'),('f374e8aa44478c040144478c1c510013','f374e8aa44478c040144478c1c5b0030'),('f374e8aa44478c040144478c1c510013','f374e8aa44478c040144478c1c5b0031'),('f374e8aa44478c040144478c1c510013','f374e8aa44478c040144478c1c5b0032'),('f374e8aa44478c040144478c1c510013','f374e8aa44478c040144478c1c5b0033'),('f374e8aa44478c040144478c1c510013','f374e8aa44478c040144478c1c5b0034'),('f374e8aa44478c040144478c1c510013','f374e8aa44478c040144478c1c5b0035'),('f374e8aa44478c040144478c1c510013','f374e8aa44478c040144478c1c5b0036'),('f374e8aa44478c040144478c1c510013','f374e8aa44478c040144478c1c5b0037'),('f374e8aa44478c040144478c1c510013','f374e8aa44478c040144478c1c5b0038'),('f374e8aa44478c040144478c1c510013','f374e8aa44478c040144478c1c5b0039'),('f374e8aa44478c040144478c1c510013','f374e8aa44478c040144478c1c5b003a'),('f374e8aa44478c040144478c1c510013','f374e8aa44478c040144478c1c5b003b'),('f374e8aa44478c040144478c1c510013','f374e8aa44478c040144478c1c60003c'),('f374e8aa44478c040144478c1c510013','f374e8aa44478c040144478c1c60003d'),('f374e8aa44478c040144478c1c510013','f374e8aa44478c040144478c1c60003e'),('f374e8aa44478c040144478c1c510013','f374e8aa44478c040144478c1c60003f'),('f374e8aa44478c040144478c1c510013','f374e8aa44478c040144478c1c600040'),('f374e8aa44478c040144478c1c510013','f374e8aa44478c040144478c1c600041'),('f374e8aa44478c040144478c1c510013','f374e8aa44478c040144478c1c600042'),('f374e8aa44478c040144478c1c510013','f374e8aa44478c040144478c1c600043'),('f374e8aa44478c040144478c1c510013','f374e8aa44478c040144478c1c600044'),('f374e8aa44478c040144478c1c510013','f374e8aa44478c040144478c1c600045'),('f374e8aa44478c040144478c1c510013','f374e8aa44478c040144478c1c600046'),('f374e8aa44478c040144478c1c510013','f374e8aa44478c040144478c1c600047'),('f374e8aa44478c040144478c1c510013','f374e8aa44478c040144478c1c600048'),('f374e8aa44478c040144478c1c510013','f374e8aa44478c040144478c1c600049'),('f374e8aa44478c040144478c1c510013','f374e8aa44478c040144478c1c60004a'),('f374e8aa44478c040144478c1c510013','f374e8aa44478c040144478c1c60004b'),('f374e8aa44478c040144478c1c510013','f374e8aa44478c040144478c1c65004c'),('f374e8aa44478c040144478c1c510013','f374e8aa44478c040144478c1c65004d'),('f374e8aa44478c040144478c1c510017','f374e8aa44478c040144478c1c4c0009'),('f374e8aa44478c040144478c1c510017','f374e8aa44478c040144478c1c51000e'),('f374e8aa44478c040144478c1c510017','f374e8aa44478c040144478c1c510012'),('f374e8aa44478c040144478c1c510017','f374e8aa44478c040144478c1c510016'),('f374e8aa44478c040144478c1c510017','f374e8aa44478c040144478c1c510019'),('f374e8aa44478c040144478c1c510017','f374e8aa44478c040144478c1c51001d'),('f374e8aa44478c040144478c1c510017','f374e8aa44478c040144478c1c560022'),('f374e8aa44478c040144478c1c510017','f374e8aa44478c040144478c1c560023'),('f374e8aa44478c040144478c1c510017','f374e8aa44478c040144478c1c560024'),('f374e8aa44478c040144478c1c510017','f374e8aa44478c040144478c1c560025'),('f374e8aa44478c040144478c1c510017','f374e8aa44478c040144478c1c560026'),('f374e8aa44478c040144478c1c510017','f374e8aa44478c040144478c1c560027'),('f374e8aa44478c040144478c1c510017','f374e8aa44478c040144478c1c560028'),('f374e8aa44478c040144478c1c510017','f374e8aa44478c040144478c1c560029'),('f374e8aa44478c040144478c1c510017','f374e8aa44478c040144478c1c56002a'),('f374e8aa44478c040144478c1c510017','f374e8aa44478c040144478c1c56002b'),('f374e8aa44478c040144478c1c510017','f374e8aa44478c040144478c1c56002c'),('f374e8aa44478c040144478c1c510017','f374e8aa44478c040144478c1c5b002d'),('f374e8aa44478c040144478c1c510017','f374e8aa44478c040144478c1c5b002e'),('f374e8aa44478c040144478c1c510017','f374e8aa44478c040144478c1c5b002f'),('f374e8aa44478c040144478c1c510017','f374e8aa44478c040144478c1c5b0030'),('f374e8aa44478c040144478c1c510017','f374e8aa44478c040144478c1c5b0031'),('f374e8aa44478c040144478c1c510017','f374e8aa44478c040144478c1c5b0032'),('f374e8aa44478c040144478c1c510017','f374e8aa44478c040144478c1c5b0033'),('f374e8aa44478c040144478c1c510017','f374e8aa44478c040144478c1c5b0034'),('f374e8aa44478c040144478c1c510017','f374e8aa44478c040144478c1c5b0035'),('f374e8aa44478c040144478c1c510017','f374e8aa44478c040144478c1c5b0036'),('f374e8aa44478c040144478c1c510017','f374e8aa44478c040144478c1c5b0037'),('f374e8aa44478c040144478c1c510017','f374e8aa44478c040144478c1c5b0038'),('f374e8aa44478c040144478c1c510017','f374e8aa44478c040144478c1c5b0039'),('f374e8aa44478c040144478c1c510017','f374e8aa44478c040144478c1c5b003a'),('f374e8aa44478c040144478c1c510017','f374e8aa44478c040144478c1c5b003b'),('f374e8aa44478c040144478c1c510017','f374e8aa44478c040144478c1c60003c'),('f374e8aa44478c040144478c1c510017','f374e8aa44478c040144478c1c60003d'),('f374e8aa44478c040144478c1c510017','f374e8aa44478c040144478c1c60003e'),('f374e8aa44478c040144478c1c510017','f374e8aa44478c040144478c1c60003f'),('f374e8aa44478c040144478c1c510017','f374e8aa44478c040144478c1c600040'),('f374e8aa44478c040144478c1c510017','f374e8aa44478c040144478c1c600041'),('f374e8aa44478c040144478c1c510017','f374e8aa44478c040144478c1c600042'),('f374e8aa44478c040144478c1c510017','f374e8aa44478c040144478c1c600043'),('f374e8aa44478c040144478c1c510017','f374e8aa44478c040144478c1c600044'),('f374e8aa44478c040144478c1c510017','f374e8aa44478c040144478c1c600045'),('f374e8aa44478c040144478c1c510017','f374e8aa44478c040144478c1c600046'),('f374e8aa44478c040144478c1c510017','f374e8aa44478c040144478c1c600047'),('f374e8aa44478c040144478c1c510017','f374e8aa44478c040144478c1c600048'),('f374e8aa44478c040144478c1c510017','f374e8aa44478c040144478c1c600049'),('f374e8aa44478c040144478c1c510017','f374e8aa44478c040144478c1c60004a'),('f374e8aa44478c040144478c1c510017','f374e8aa44478c040144478c1c60004b'),('f374e8aa44478c040144478c1c510017','f374e8aa44478c040144478c1c65004c'),('f374e8aa44478c040144478c1c510017','f374e8aa44478c040144478c1c65004d'),('f374e8aa44478c040144478c1c51001a','f374e8aa44478c040144478c1c4c0009'),('f374e8aa44478c040144478c1c51001a','f374e8aa44478c040144478c1c51000e'),('f374e8aa44478c040144478c1c51001a','f374e8aa44478c040144478c1c510012'),('f374e8aa44478c040144478c1c51001a','f374e8aa44478c040144478c1c510016'),('f374e8aa44478c040144478c1c51001a','f374e8aa44478c040144478c1c510019'),('f374e8aa44478c040144478c1c51001a','f374e8aa44478c040144478c1c51001d'),('f374e8aa44478c040144478c1c51001a','f374e8aa44478c040144478c1c560022'),('f374e8aa44478c040144478c1c51001a','f374e8aa44478c040144478c1c560023'),('f374e8aa44478c040144478c1c51001a','f374e8aa44478c040144478c1c560024'),('f374e8aa44478c040144478c1c51001a','f374e8aa44478c040144478c1c560025'),('f374e8aa44478c040144478c1c51001a','f374e8aa44478c040144478c1c560026'),('f374e8aa44478c040144478c1c51001a','f374e8aa44478c040144478c1c560027'),('f374e8aa44478c040144478c1c51001a','f374e8aa44478c040144478c1c560028'),('f374e8aa44478c040144478c1c51001a','f374e8aa44478c040144478c1c560029'),('f374e8aa44478c040144478c1c51001a','f374e8aa44478c040144478c1c56002a'),('f374e8aa44478c040144478c1c51001a','f374e8aa44478c040144478c1c56002b'),('f374e8aa44478c040144478c1c51001a','f374e8aa44478c040144478c1c56002c'),('f374e8aa44478c040144478c1c51001a','f374e8aa44478c040144478c1c5b002d'),('f374e8aa44478c040144478c1c51001a','f374e8aa44478c040144478c1c5b002e'),('f374e8aa44478c040144478c1c51001a','f374e8aa44478c040144478c1c5b002f'),('f374e8aa44478c040144478c1c51001a','f374e8aa44478c040144478c1c5b0030'),('f374e8aa44478c040144478c1c51001a','f374e8aa44478c040144478c1c5b0031'),('f374e8aa44478c040144478c1c51001a','f374e8aa44478c040144478c1c5b0032'),('f374e8aa44478c040144478c1c51001a','f374e8aa44478c040144478c1c5b0033'),('f374e8aa44478c040144478c1c51001a','f374e8aa44478c040144478c1c5b0034'),('f374e8aa44478c040144478c1c51001a','f374e8aa44478c040144478c1c5b0035'),('f374e8aa44478c040144478c1c51001a','f374e8aa44478c040144478c1c5b0036'),('f374e8aa44478c040144478c1c51001a','f374e8aa44478c040144478c1c5b0037'),('f374e8aa44478c040144478c1c51001a','f374e8aa44478c040144478c1c5b0038'),('f374e8aa44478c040144478c1c51001a','f374e8aa44478c040144478c1c5b0039'),('f374e8aa44478c040144478c1c51001a','f374e8aa44478c040144478c1c5b003a'),('f374e8aa44478c040144478c1c51001a','f374e8aa44478c040144478c1c5b003b'),('f374e8aa44478c040144478c1c51001a','f374e8aa44478c040144478c1c60003c'),('f374e8aa44478c040144478c1c51001a','f374e8aa44478c040144478c1c60003d'),('f374e8aa44478c040144478c1c51001a','f374e8aa44478c040144478c1c60003e'),('f374e8aa44478c040144478c1c51001a','f374e8aa44478c040144478c1c60003f'),('f374e8aa44478c040144478c1c51001a','f374e8aa44478c040144478c1c600040'),('f374e8aa44478c040144478c1c51001a','f374e8aa44478c040144478c1c600041'),('f374e8aa44478c040144478c1c51001a','f374e8aa44478c040144478c1c600042'),('f374e8aa44478c040144478c1c51001a','f374e8aa44478c040144478c1c600043'),('f374e8aa44478c040144478c1c51001a','f374e8aa44478c040144478c1c600044'),('f374e8aa44478c040144478c1c51001a','f374e8aa44478c040144478c1c600045'),('f374e8aa44478c040144478c1c51001a','f374e8aa44478c040144478c1c600046'),('f374e8aa44478c040144478c1c51001a','f374e8aa44478c040144478c1c600047'),('f374e8aa44478c040144478c1c51001a','f374e8aa44478c040144478c1c600048'),('f374e8aa44478c040144478c1c51001a','f374e8aa44478c040144478c1c600049'),('f374e8aa44478c040144478c1c51001a','f374e8aa44478c040144478c1c60004a'),('f374e8aa44478c040144478c1c51001a','f374e8aa44478c040144478c1c60004b'),('f374e8aa44478c040144478c1c51001a','f374e8aa44478c040144478c1c65004c'),('f374e8aa44478c040144478c1c51001a','f374e8aa44478c040144478c1c65004d'),('f374e8aa44478c040144478c1c56001e','f374e8aa44478c040144478c1c4c0009'),('f374e8aa44478c040144478c1c56001e','f374e8aa44478c040144478c1c51000e'),('f374e8aa44478c040144478c1c56001e','f374e8aa44478c040144478c1c510012'),('f374e8aa44478c040144478c1c56001e','f374e8aa44478c040144478c1c510016'),('f374e8aa44478c040144478c1c56001e','f374e8aa44478c040144478c1c510019'),('f374e8aa44478c040144478c1c56001e','f374e8aa44478c040144478c1c51001d'),('f374e8aa44478c040144478c1c56001e','f374e8aa44478c040144478c1c560022'),('f374e8aa44478c040144478c1c56001e','f374e8aa44478c040144478c1c560023'),('f374e8aa44478c040144478c1c56001e','f374e8aa44478c040144478c1c560024'),('f374e8aa44478c040144478c1c56001e','f374e8aa44478c040144478c1c560025'),('f374e8aa44478c040144478c1c56001e','f374e8aa44478c040144478c1c560026'),('f374e8aa44478c040144478c1c56001e','f374e8aa44478c040144478c1c560027'),('f374e8aa44478c040144478c1c56001e','f374e8aa44478c040144478c1c560028'),('f374e8aa44478c040144478c1c56001e','f374e8aa44478c040144478c1c560029'),('f374e8aa44478c040144478c1c56001e','f374e8aa44478c040144478c1c56002a'),('f374e8aa44478c040144478c1c56001e','f374e8aa44478c040144478c1c56002b'),('f374e8aa44478c040144478c1c56001e','f374e8aa44478c040144478c1c56002c'),('f374e8aa44478c040144478c1c56001e','f374e8aa44478c040144478c1c5b002d'),('f374e8aa44478c040144478c1c56001e','f374e8aa44478c040144478c1c5b002e'),('f374e8aa44478c040144478c1c56001e','f374e8aa44478c040144478c1c5b002f'),('f374e8aa44478c040144478c1c56001e','f374e8aa44478c040144478c1c5b0030'),('f374e8aa44478c040144478c1c56001e','f374e8aa44478c040144478c1c5b0031'),('f374e8aa44478c040144478c1c56001e','f374e8aa44478c040144478c1c5b0032'),('f374e8aa44478c040144478c1c56001e','f374e8aa44478c040144478c1c5b0033'),('f374e8aa44478c040144478c1c56001e','f374e8aa44478c040144478c1c5b0034'),('f374e8aa44478c040144478c1c56001e','f374e8aa44478c040144478c1c5b0035'),('f374e8aa44478c040144478c1c56001e','f374e8aa44478c040144478c1c5b0036'),('f374e8aa44478c040144478c1c56001e','f374e8aa44478c040144478c1c5b0037'),('f374e8aa44478c040144478c1c56001e','f374e8aa44478c040144478c1c5b0038'),('f374e8aa44478c040144478c1c56001e','f374e8aa44478c040144478c1c5b0039'),('f374e8aa44478c040144478c1c56001e','f374e8aa44478c040144478c1c5b003a'),('f374e8aa44478c040144478c1c56001e','f374e8aa44478c040144478c1c5b003b'),('f374e8aa44478c040144478c1c56001e','f374e8aa44478c040144478c1c60003c'),('f374e8aa44478c040144478c1c56001e','f374e8aa44478c040144478c1c60003d'),('f374e8aa44478c040144478c1c56001e','f374e8aa44478c040144478c1c60003e'),('f374e8aa44478c040144478c1c56001e','f374e8aa44478c040144478c1c60003f'),('f374e8aa44478c040144478c1c56001e','f374e8aa44478c040144478c1c600040'),('f374e8aa44478c040144478c1c56001e','f374e8aa44478c040144478c1c600041'),('f374e8aa44478c040144478c1c56001e','f374e8aa44478c040144478c1c600042'),('f374e8aa44478c040144478c1c56001e','f374e8aa44478c040144478c1c600043'),('f374e8aa44478c040144478c1c56001e','f374e8aa44478c040144478c1c600044'),('f374e8aa44478c040144478c1c56001e','f374e8aa44478c040144478c1c600045'),('f374e8aa44478c040144478c1c56001e','f374e8aa44478c040144478c1c600046'),('f374e8aa44478c040144478c1c56001e','f374e8aa44478c040144478c1c600047'),('f374e8aa44478c040144478c1c56001e','f374e8aa44478c040144478c1c600048'),('f374e8aa44478c040144478c1c56001e','f374e8aa44478c040144478c1c600049'),('f374e8aa44478c040144478c1c56001e','f374e8aa44478c040144478c1c60004a'),('f374e8aa44478c040144478c1c56001e','f374e8aa44478c040144478c1c60004b'),('f374e8aa44478c040144478c1c56001e','f374e8aa44478c040144478c1c65004c'),('f374e8aa44478c040144478c1c56001e','f374e8aa44478c040144478c1c65004d'),('f374e8aa44478cd20144478ce541000a','f374e8aa44478cd20144478ce5410009'),('f374e8aa44478cd20144478ce541000a','f374e8aa44478cd20144478ce541000e'),('f374e8aa44478cd20144478ce541000a','f374e8aa44478cd20144478ce5410012'),('f374e8aa44478cd20144478ce541000a','f374e8aa44478cd20144478ce5460016'),('f374e8aa44478cd20144478ce541000a','f374e8aa44478cd20144478ce5460019'),('f374e8aa44478cd20144478ce541000a','f374e8aa44478cd20144478ce546001d'),('f374e8aa44478cd20144478ce541000a','f374e8aa44478cd20144478ce5460022'),('f374e8aa44478cd20144478ce541000a','f374e8aa44478cd20144478ce5460023'),('f374e8aa44478cd20144478ce541000a','f374e8aa44478cd20144478ce54b0024'),('f374e8aa44478cd20144478ce541000a','f374e8aa44478cd20144478ce54b0025'),('f374e8aa44478cd20144478ce541000a','f374e8aa44478cd20144478ce54b0026'),('f374e8aa44478cd20144478ce541000a','f374e8aa44478cd20144478ce54b0027'),('f374e8aa44478cd20144478ce541000a','f374e8aa44478cd20144478ce54b0028'),('f374e8aa44478cd20144478ce541000a','f374e8aa44478cd20144478ce54b0029'),('f374e8aa44478cd20144478ce541000a','f374e8aa44478cd20144478ce54b002a'),('f374e8aa44478cd20144478ce541000a','f374e8aa44478cd20144478ce54b002b'),('f374e8aa44478cd20144478ce541000a','f374e8aa44478cd20144478ce54b002c'),('f374e8aa44478cd20144478ce541000a','f374e8aa44478cd20144478ce54b002d'),('f374e8aa44478cd20144478ce541000a','f374e8aa44478cd20144478ce54b002e'),('f374e8aa44478cd20144478ce541000a','f374e8aa44478cd20144478ce54b002f'),('f374e8aa44478cd20144478ce541000a','f374e8aa44478cd20144478ce5500030'),('f374e8aa44478cd20144478ce541000a','f374e8aa44478cd20144478ce5500031'),('f374e8aa44478cd20144478ce541000a','f374e8aa44478cd20144478ce5500032'),('f374e8aa44478cd20144478ce541000a','f374e8aa44478cd20144478ce5500033'),('f374e8aa44478cd20144478ce541000a','f374e8aa44478cd20144478ce5500034'),('f374e8aa44478cd20144478ce541000a','f374e8aa44478cd20144478ce5500035'),('f374e8aa44478cd20144478ce541000a','f374e8aa44478cd20144478ce5500036'),('f374e8aa44478cd20144478ce541000a','f374e8aa44478cd20144478ce5500037'),('f374e8aa44478cd20144478ce541000a','f374e8aa44478cd20144478ce5500038'),('f374e8aa44478cd20144478ce541000a','f374e8aa44478cd20144478ce5500039'),('f374e8aa44478cd20144478ce541000a','f374e8aa44478cd20144478ce550003a'),('f374e8aa44478cd20144478ce541000a','f374e8aa44478cd20144478ce550003b'),('f374e8aa44478cd20144478ce541000a','f374e8aa44478cd20144478ce555003c'),('f374e8aa44478cd20144478ce541000a','f374e8aa44478cd20144478ce555003d'),('f374e8aa44478cd20144478ce541000a','f374e8aa44478cd20144478ce555003e'),('f374e8aa44478cd20144478ce541000a','f374e8aa44478cd20144478ce555003f'),('f374e8aa44478cd20144478ce541000a','f374e8aa44478cd20144478ce5550040'),('f374e8aa44478cd20144478ce541000a','f374e8aa44478cd20144478ce5550041'),('f374e8aa44478cd20144478ce541000a','f374e8aa44478cd20144478ce5550042'),('f374e8aa44478cd20144478ce541000a','f374e8aa44478cd20144478ce5550043'),('f374e8aa44478cd20144478ce541000a','f374e8aa44478cd20144478ce5550044'),('f374e8aa44478cd20144478ce541000a','f374e8aa44478cd20144478ce5550045'),('f374e8aa44478cd20144478ce541000a','f374e8aa44478cd20144478ce5550046'),('f374e8aa44478cd20144478ce541000a','f374e8aa44478cd20144478ce5550047'),('f374e8aa44478cd20144478ce541000a','f374e8aa44478cd20144478ce5550048'),('f374e8aa44478cd20144478ce541000a','f374e8aa44478cd20144478ce55a0049'),('f374e8aa44478cd20144478ce541000a','f374e8aa44478cd20144478ce55a004a'),('f374e8aa44478cd20144478ce541000a','f374e8aa44478cd20144478ce55a004b'),('f374e8aa44478cd20144478ce541000a','f374e8aa44478cd20144478ce55a004c'),('f374e8aa44478cd20144478ce541000a','f374e8aa44478cd20144478ce55a004d'),('f374e8aa44478cd20144478ce541000f','f374e8aa44478cd20144478ce5410009'),('f374e8aa44478cd20144478ce541000f','f374e8aa44478cd20144478ce541000e'),('f374e8aa44478cd20144478ce541000f','f374e8aa44478cd20144478ce5410012'),('f374e8aa44478cd20144478ce541000f','f374e8aa44478cd20144478ce5460016'),('f374e8aa44478cd20144478ce541000f','f374e8aa44478cd20144478ce5460019'),('f374e8aa44478cd20144478ce541000f','f374e8aa44478cd20144478ce546001d'),('f374e8aa44478cd20144478ce541000f','f374e8aa44478cd20144478ce5460022'),('f374e8aa44478cd20144478ce541000f','f374e8aa44478cd20144478ce5460023'),('f374e8aa44478cd20144478ce541000f','f374e8aa44478cd20144478ce54b0024'),('f374e8aa44478cd20144478ce541000f','f374e8aa44478cd20144478ce54b0025'),('f374e8aa44478cd20144478ce541000f','f374e8aa44478cd20144478ce54b0026'),('f374e8aa44478cd20144478ce541000f','f374e8aa44478cd20144478ce54b0027'),('f374e8aa44478cd20144478ce541000f','f374e8aa44478cd20144478ce54b0028'),('f374e8aa44478cd20144478ce541000f','f374e8aa44478cd20144478ce54b0029'),('f374e8aa44478cd20144478ce541000f','f374e8aa44478cd20144478ce54b002a'),('f374e8aa44478cd20144478ce541000f','f374e8aa44478cd20144478ce54b002b'),('f374e8aa44478cd20144478ce541000f','f374e8aa44478cd20144478ce54b002c'),('f374e8aa44478cd20144478ce541000f','f374e8aa44478cd20144478ce54b002d'),('f374e8aa44478cd20144478ce541000f','f374e8aa44478cd20144478ce54b002e'),('f374e8aa44478cd20144478ce541000f','f374e8aa44478cd20144478ce54b002f'),('f374e8aa44478cd20144478ce541000f','f374e8aa44478cd20144478ce5500030'),('f374e8aa44478cd20144478ce541000f','f374e8aa44478cd20144478ce5500031'),('f374e8aa44478cd20144478ce541000f','f374e8aa44478cd20144478ce5500032'),('f374e8aa44478cd20144478ce541000f','f374e8aa44478cd20144478ce5500033'),('f374e8aa44478cd20144478ce541000f','f374e8aa44478cd20144478ce5500034'),('f374e8aa44478cd20144478ce541000f','f374e8aa44478cd20144478ce5500035'),('f374e8aa44478cd20144478ce541000f','f374e8aa44478cd20144478ce5500036'),('f374e8aa44478cd20144478ce541000f','f374e8aa44478cd20144478ce5500037'),('f374e8aa44478cd20144478ce541000f','f374e8aa44478cd20144478ce5500038'),('f374e8aa44478cd20144478ce541000f','f374e8aa44478cd20144478ce5500039'),('f374e8aa44478cd20144478ce541000f','f374e8aa44478cd20144478ce550003a'),('f374e8aa44478cd20144478ce541000f','f374e8aa44478cd20144478ce550003b'),('f374e8aa44478cd20144478ce541000f','f374e8aa44478cd20144478ce555003c'),('f374e8aa44478cd20144478ce541000f','f374e8aa44478cd20144478ce555003d'),('f374e8aa44478cd20144478ce541000f','f374e8aa44478cd20144478ce555003e'),('f374e8aa44478cd20144478ce541000f','f374e8aa44478cd20144478ce555003f'),('f374e8aa44478cd20144478ce541000f','f374e8aa44478cd20144478ce5550040'),('f374e8aa44478cd20144478ce541000f','f374e8aa44478cd20144478ce5550041'),('f374e8aa44478cd20144478ce541000f','f374e8aa44478cd20144478ce5550042'),('f374e8aa44478cd20144478ce541000f','f374e8aa44478cd20144478ce5550043'),('f374e8aa44478cd20144478ce541000f','f374e8aa44478cd20144478ce5550044'),('f374e8aa44478cd20144478ce541000f','f374e8aa44478cd20144478ce5550045'),('f374e8aa44478cd20144478ce541000f','f374e8aa44478cd20144478ce5550046'),('f374e8aa44478cd20144478ce541000f','f374e8aa44478cd20144478ce5550047'),('f374e8aa44478cd20144478ce541000f','f374e8aa44478cd20144478ce5550048'),('f374e8aa44478cd20144478ce541000f','f374e8aa44478cd20144478ce55a0049'),('f374e8aa44478cd20144478ce541000f','f374e8aa44478cd20144478ce55a004a'),('f374e8aa44478cd20144478ce541000f','f374e8aa44478cd20144478ce55a004b'),('f374e8aa44478cd20144478ce541000f','f374e8aa44478cd20144478ce55a004c'),('f374e8aa44478cd20144478ce541000f','f374e8aa44478cd20144478ce55a004d'),('f374e8aa44478cd20144478ce5460013','f374e8aa44478cd20144478ce5410009'),('f374e8aa44478cd20144478ce5460013','f374e8aa44478cd20144478ce541000e'),('f374e8aa44478cd20144478ce5460013','f374e8aa44478cd20144478ce5410012'),('f374e8aa44478cd20144478ce5460013','f374e8aa44478cd20144478ce5460016'),('f374e8aa44478cd20144478ce5460013','f374e8aa44478cd20144478ce5460019'),('f374e8aa44478cd20144478ce5460013','f374e8aa44478cd20144478ce546001d'),('f374e8aa44478cd20144478ce5460013','f374e8aa44478cd20144478ce5460022'),('f374e8aa44478cd20144478ce5460013','f374e8aa44478cd20144478ce5460023'),('f374e8aa44478cd20144478ce5460013','f374e8aa44478cd20144478ce54b0024'),('f374e8aa44478cd20144478ce5460013','f374e8aa44478cd20144478ce54b0025'),('f374e8aa44478cd20144478ce5460013','f374e8aa44478cd20144478ce54b0026'),('f374e8aa44478cd20144478ce5460013','f374e8aa44478cd20144478ce54b0027'),('f374e8aa44478cd20144478ce5460013','f374e8aa44478cd20144478ce54b0028'),('f374e8aa44478cd20144478ce5460013','f374e8aa44478cd20144478ce54b0029'),('f374e8aa44478cd20144478ce5460013','f374e8aa44478cd20144478ce54b002a'),('f374e8aa44478cd20144478ce5460013','f374e8aa44478cd20144478ce54b002b'),('f374e8aa44478cd20144478ce5460013','f374e8aa44478cd20144478ce54b002c'),('f374e8aa44478cd20144478ce5460013','f374e8aa44478cd20144478ce54b002d'),('f374e8aa44478cd20144478ce5460013','f374e8aa44478cd20144478ce54b002e'),('f374e8aa44478cd20144478ce5460013','f374e8aa44478cd20144478ce54b002f'),('f374e8aa44478cd20144478ce5460013','f374e8aa44478cd20144478ce5500030'),('f374e8aa44478cd20144478ce5460013','f374e8aa44478cd20144478ce5500031'),('f374e8aa44478cd20144478ce5460013','f374e8aa44478cd20144478ce5500032'),('f374e8aa44478cd20144478ce5460013','f374e8aa44478cd20144478ce5500033'),('f374e8aa44478cd20144478ce5460013','f374e8aa44478cd20144478ce5500034'),('f374e8aa44478cd20144478ce5460013','f374e8aa44478cd20144478ce5500035'),('f374e8aa44478cd20144478ce5460013','f374e8aa44478cd20144478ce5500036'),('f374e8aa44478cd20144478ce5460013','f374e8aa44478cd20144478ce5500037'),('f374e8aa44478cd20144478ce5460013','f374e8aa44478cd20144478ce5500038'),('f374e8aa44478cd20144478ce5460013','f374e8aa44478cd20144478ce5500039'),('f374e8aa44478cd20144478ce5460013','f374e8aa44478cd20144478ce550003a'),('f374e8aa44478cd20144478ce5460013','f374e8aa44478cd20144478ce550003b'),('f374e8aa44478cd20144478ce5460013','f374e8aa44478cd20144478ce555003c'),('f374e8aa44478cd20144478ce5460013','f374e8aa44478cd20144478ce555003d'),('f374e8aa44478cd20144478ce5460013','f374e8aa44478cd20144478ce555003e'),('f374e8aa44478cd20144478ce5460013','f374e8aa44478cd20144478ce555003f'),('f374e8aa44478cd20144478ce5460013','f374e8aa44478cd20144478ce5550040'),('f374e8aa44478cd20144478ce5460013','f374e8aa44478cd20144478ce5550041'),('f374e8aa44478cd20144478ce5460013','f374e8aa44478cd20144478ce5550042'),('f374e8aa44478cd20144478ce5460013','f374e8aa44478cd20144478ce5550043'),('f374e8aa44478cd20144478ce5460013','f374e8aa44478cd20144478ce5550044'),('f374e8aa44478cd20144478ce5460013','f374e8aa44478cd20144478ce5550045'),('f374e8aa44478cd20144478ce5460013','f374e8aa44478cd20144478ce5550046'),('f374e8aa44478cd20144478ce5460013','f374e8aa44478cd20144478ce5550047'),('f374e8aa44478cd20144478ce5460013','f374e8aa44478cd20144478ce5550048'),('f374e8aa44478cd20144478ce5460013','f374e8aa44478cd20144478ce55a0049'),('f374e8aa44478cd20144478ce5460013','f374e8aa44478cd20144478ce55a004a'),('f374e8aa44478cd20144478ce5460013','f374e8aa44478cd20144478ce55a004b'),('f374e8aa44478cd20144478ce5460013','f374e8aa44478cd20144478ce55a004c'),('f374e8aa44478cd20144478ce5460013','f374e8aa44478cd20144478ce55a004d'),('f374e8aa44478cd20144478ce5460017','f374e8aa44478cd20144478ce5410009'),('f374e8aa44478cd20144478ce5460017','f374e8aa44478cd20144478ce541000e'),('f374e8aa44478cd20144478ce5460017','f374e8aa44478cd20144478ce5410012'),('f374e8aa44478cd20144478ce5460017','f374e8aa44478cd20144478ce5460016'),('f374e8aa44478cd20144478ce5460017','f374e8aa44478cd20144478ce5460019'),('f374e8aa44478cd20144478ce5460017','f374e8aa44478cd20144478ce546001d'),('f374e8aa44478cd20144478ce5460017','f374e8aa44478cd20144478ce5460022'),('f374e8aa44478cd20144478ce5460017','f374e8aa44478cd20144478ce5460023'),('f374e8aa44478cd20144478ce5460017','f374e8aa44478cd20144478ce54b0024'),('f374e8aa44478cd20144478ce5460017','f374e8aa44478cd20144478ce54b0025'),('f374e8aa44478cd20144478ce5460017','f374e8aa44478cd20144478ce54b0026'),('f374e8aa44478cd20144478ce5460017','f374e8aa44478cd20144478ce54b0027'),('f374e8aa44478cd20144478ce5460017','f374e8aa44478cd20144478ce54b0028'),('f374e8aa44478cd20144478ce5460017','f374e8aa44478cd20144478ce54b0029'),('f374e8aa44478cd20144478ce5460017','f374e8aa44478cd20144478ce54b002a'),('f374e8aa44478cd20144478ce5460017','f374e8aa44478cd20144478ce54b002b'),('f374e8aa44478cd20144478ce5460017','f374e8aa44478cd20144478ce54b002c'),('f374e8aa44478cd20144478ce5460017','f374e8aa44478cd20144478ce54b002d'),('f374e8aa44478cd20144478ce5460017','f374e8aa44478cd20144478ce54b002e'),('f374e8aa44478cd20144478ce5460017','f374e8aa44478cd20144478ce54b002f'),('f374e8aa44478cd20144478ce5460017','f374e8aa44478cd20144478ce5500030'),('f374e8aa44478cd20144478ce5460017','f374e8aa44478cd20144478ce5500031'),('f374e8aa44478cd20144478ce5460017','f374e8aa44478cd20144478ce5500032'),('f374e8aa44478cd20144478ce5460017','f374e8aa44478cd20144478ce5500033'),('f374e8aa44478cd20144478ce5460017','f374e8aa44478cd20144478ce5500034'),('f374e8aa44478cd20144478ce5460017','f374e8aa44478cd20144478ce5500035'),('f374e8aa44478cd20144478ce5460017','f374e8aa44478cd20144478ce5500036'),('f374e8aa44478cd20144478ce5460017','f374e8aa44478cd20144478ce5500037'),('f374e8aa44478cd20144478ce5460017','f374e8aa44478cd20144478ce5500038'),('f374e8aa44478cd20144478ce5460017','f374e8aa44478cd20144478ce5500039'),('f374e8aa44478cd20144478ce5460017','f374e8aa44478cd20144478ce550003a'),('f374e8aa44478cd20144478ce5460017','f374e8aa44478cd20144478ce550003b'),('f374e8aa44478cd20144478ce5460017','f374e8aa44478cd20144478ce555003c'),('f374e8aa44478cd20144478ce5460017','f374e8aa44478cd20144478ce555003d'),('f374e8aa44478cd20144478ce5460017','f374e8aa44478cd20144478ce555003e'),('f374e8aa44478cd20144478ce5460017','f374e8aa44478cd20144478ce555003f'),('f374e8aa44478cd20144478ce5460017','f374e8aa44478cd20144478ce5550040'),('f374e8aa44478cd20144478ce5460017','f374e8aa44478cd20144478ce5550041'),('f374e8aa44478cd20144478ce5460017','f374e8aa44478cd20144478ce5550042'),('f374e8aa44478cd20144478ce5460017','f374e8aa44478cd20144478ce5550043'),('f374e8aa44478cd20144478ce5460017','f374e8aa44478cd20144478ce5550044'),('f374e8aa44478cd20144478ce5460017','f374e8aa44478cd20144478ce5550045'),('f374e8aa44478cd20144478ce5460017','f374e8aa44478cd20144478ce5550046'),('f374e8aa44478cd20144478ce5460017','f374e8aa44478cd20144478ce5550047'),('f374e8aa44478cd20144478ce5460017','f374e8aa44478cd20144478ce5550048'),('f374e8aa44478cd20144478ce5460017','f374e8aa44478cd20144478ce55a0049'),('f374e8aa44478cd20144478ce5460017','f374e8aa44478cd20144478ce55a004a'),('f374e8aa44478cd20144478ce5460017','f374e8aa44478cd20144478ce55a004b'),('f374e8aa44478cd20144478ce5460017','f374e8aa44478cd20144478ce55a004c'),('f374e8aa44478cd20144478ce5460017','f374e8aa44478cd20144478ce55a004d'),('f374e8aa44478cd20144478ce546001a','f374e8aa44478cd20144478ce5410009'),('f374e8aa44478cd20144478ce546001a','f374e8aa44478cd20144478ce541000e'),('f374e8aa44478cd20144478ce546001a','f374e8aa44478cd20144478ce5410012'),('f374e8aa44478cd20144478ce546001a','f374e8aa44478cd20144478ce5460016'),('f374e8aa44478cd20144478ce546001a','f374e8aa44478cd20144478ce5460019'),('f374e8aa44478cd20144478ce546001a','f374e8aa44478cd20144478ce546001d'),('f374e8aa44478cd20144478ce546001a','f374e8aa44478cd20144478ce5460022'),('f374e8aa44478cd20144478ce546001a','f374e8aa44478cd20144478ce5460023'),('f374e8aa44478cd20144478ce546001a','f374e8aa44478cd20144478ce54b0024'),('f374e8aa44478cd20144478ce546001a','f374e8aa44478cd20144478ce54b0025'),('f374e8aa44478cd20144478ce546001a','f374e8aa44478cd20144478ce54b0026'),('f374e8aa44478cd20144478ce546001a','f374e8aa44478cd20144478ce54b0027'),('f374e8aa44478cd20144478ce546001a','f374e8aa44478cd20144478ce54b0028'),('f374e8aa44478cd20144478ce546001a','f374e8aa44478cd20144478ce54b0029'),('f374e8aa44478cd20144478ce546001a','f374e8aa44478cd20144478ce54b002a'),('f374e8aa44478cd20144478ce546001a','f374e8aa44478cd20144478ce54b002b'),('f374e8aa44478cd20144478ce546001a','f374e8aa44478cd20144478ce54b002c'),('f374e8aa44478cd20144478ce546001a','f374e8aa44478cd20144478ce54b002d'),('f374e8aa44478cd20144478ce546001a','f374e8aa44478cd20144478ce54b002e'),('f374e8aa44478cd20144478ce546001a','f374e8aa44478cd20144478ce54b002f'),('f374e8aa44478cd20144478ce546001a','f374e8aa44478cd20144478ce5500030'),('f374e8aa44478cd20144478ce546001a','f374e8aa44478cd20144478ce5500031'),('f374e8aa44478cd20144478ce546001a','f374e8aa44478cd20144478ce5500032'),('f374e8aa44478cd20144478ce546001a','f374e8aa44478cd20144478ce5500033'),('f374e8aa44478cd20144478ce546001a','f374e8aa44478cd20144478ce5500034'),('f374e8aa44478cd20144478ce546001a','f374e8aa44478cd20144478ce5500035'),('f374e8aa44478cd20144478ce546001a','f374e8aa44478cd20144478ce5500036'),('f374e8aa44478cd20144478ce546001a','f374e8aa44478cd20144478ce5500037'),('f374e8aa44478cd20144478ce546001a','f374e8aa44478cd20144478ce5500038'),('f374e8aa44478cd20144478ce546001a','f374e8aa44478cd20144478ce5500039'),('f374e8aa44478cd20144478ce546001a','f374e8aa44478cd20144478ce550003a'),('f374e8aa44478cd20144478ce546001a','f374e8aa44478cd20144478ce550003b'),('f374e8aa44478cd20144478ce546001a','f374e8aa44478cd20144478ce555003c'),('f374e8aa44478cd20144478ce546001a','f374e8aa44478cd20144478ce555003d'),('f374e8aa44478cd20144478ce546001a','f374e8aa44478cd20144478ce555003e'),('f374e8aa44478cd20144478ce546001a','f374e8aa44478cd20144478ce555003f'),('f374e8aa44478cd20144478ce546001a','f374e8aa44478cd20144478ce5550040'),('f374e8aa44478cd20144478ce546001a','f374e8aa44478cd20144478ce5550041'),('f374e8aa44478cd20144478ce546001a','f374e8aa44478cd20144478ce5550042'),('f374e8aa44478cd20144478ce546001a','f374e8aa44478cd20144478ce5550043'),('f374e8aa44478cd20144478ce546001a','f374e8aa44478cd20144478ce5550044'),('f374e8aa44478cd20144478ce546001a','f374e8aa44478cd20144478ce5550045'),('f374e8aa44478cd20144478ce546001a','f374e8aa44478cd20144478ce5550046'),('f374e8aa44478cd20144478ce546001a','f374e8aa44478cd20144478ce5550047'),('f374e8aa44478cd20144478ce546001a','f374e8aa44478cd20144478ce5550048'),('f374e8aa44478cd20144478ce546001a','f374e8aa44478cd20144478ce55a0049'),('f374e8aa44478cd20144478ce546001a','f374e8aa44478cd20144478ce55a004a'),('f374e8aa44478cd20144478ce546001a','f374e8aa44478cd20144478ce55a004b'),('f374e8aa44478cd20144478ce546001a','f374e8aa44478cd20144478ce55a004c'),('f374e8aa44478cd20144478ce546001a','f374e8aa44478cd20144478ce55a004d'),('f374e8aa44478cd20144478ce546001e','f374e8aa44478cd20144478ce5410009'),('f374e8aa44478cd20144478ce546001e','f374e8aa44478cd20144478ce541000e'),('f374e8aa44478cd20144478ce546001e','f374e8aa44478cd20144478ce5410012'),('f374e8aa44478cd20144478ce546001e','f374e8aa44478cd20144478ce5460016'),('f374e8aa44478cd20144478ce546001e','f374e8aa44478cd20144478ce5460019'),('f374e8aa44478cd20144478ce546001e','f374e8aa44478cd20144478ce546001d'),('f374e8aa44478cd20144478ce546001e','f374e8aa44478cd20144478ce5460022'),('f374e8aa44478cd20144478ce546001e','f374e8aa44478cd20144478ce5460023'),('f374e8aa44478cd20144478ce546001e','f374e8aa44478cd20144478ce54b0024'),('f374e8aa44478cd20144478ce546001e','f374e8aa44478cd20144478ce54b0025'),('f374e8aa44478cd20144478ce546001e','f374e8aa44478cd20144478ce54b0026'),('f374e8aa44478cd20144478ce546001e','f374e8aa44478cd20144478ce54b0027'),('f374e8aa44478cd20144478ce546001e','f374e8aa44478cd20144478ce54b0028'),('f374e8aa44478cd20144478ce546001e','f374e8aa44478cd20144478ce54b0029'),('f374e8aa44478cd20144478ce546001e','f374e8aa44478cd20144478ce54b002a'),('f374e8aa44478cd20144478ce546001e','f374e8aa44478cd20144478ce54b002b'),('f374e8aa44478cd20144478ce546001e','f374e8aa44478cd20144478ce54b002c'),('f374e8aa44478cd20144478ce546001e','f374e8aa44478cd20144478ce54b002d'),('f374e8aa44478cd20144478ce546001e','f374e8aa44478cd20144478ce54b002e'),('f374e8aa44478cd20144478ce546001e','f374e8aa44478cd20144478ce54b002f'),('f374e8aa44478cd20144478ce546001e','f374e8aa44478cd20144478ce5500030'),('f374e8aa44478cd20144478ce546001e','f374e8aa44478cd20144478ce5500031'),('f374e8aa44478cd20144478ce546001e','f374e8aa44478cd20144478ce5500032'),('f374e8aa44478cd20144478ce546001e','f374e8aa44478cd20144478ce5500033'),('f374e8aa44478cd20144478ce546001e','f374e8aa44478cd20144478ce5500034'),('f374e8aa44478cd20144478ce546001e','f374e8aa44478cd20144478ce5500035'),('f374e8aa44478cd20144478ce546001e','f374e8aa44478cd20144478ce5500036'),('f374e8aa44478cd20144478ce546001e','f374e8aa44478cd20144478ce5500037'),('f374e8aa44478cd20144478ce546001e','f374e8aa44478cd20144478ce5500038'),('f374e8aa44478cd20144478ce546001e','f374e8aa44478cd20144478ce5500039'),('f374e8aa44478cd20144478ce546001e','f374e8aa44478cd20144478ce550003a'),('f374e8aa44478cd20144478ce546001e','f374e8aa44478cd20144478ce550003b'),('f374e8aa44478cd20144478ce546001e','f374e8aa44478cd20144478ce555003c'),('f374e8aa44478cd20144478ce546001e','f374e8aa44478cd20144478ce555003d'),('f374e8aa44478cd20144478ce546001e','f374e8aa44478cd20144478ce555003e'),('f374e8aa44478cd20144478ce546001e','f374e8aa44478cd20144478ce555003f'),('f374e8aa44478cd20144478ce546001e','f374e8aa44478cd20144478ce5550040'),('f374e8aa44478cd20144478ce546001e','f374e8aa44478cd20144478ce5550041'),('f374e8aa44478cd20144478ce546001e','f374e8aa44478cd20144478ce5550042'),('f374e8aa44478cd20144478ce546001e','f374e8aa44478cd20144478ce5550043'),('f374e8aa44478cd20144478ce546001e','f374e8aa44478cd20144478ce5550044'),('f374e8aa44478cd20144478ce546001e','f374e8aa44478cd20144478ce5550045'),('f374e8aa44478cd20144478ce546001e','f374e8aa44478cd20144478ce5550046'),('f374e8aa44478cd20144478ce546001e','f374e8aa44478cd20144478ce5550047'),('f374e8aa44478cd20144478ce546001e','f374e8aa44478cd20144478ce5550048'),('f374e8aa44478cd20144478ce546001e','f374e8aa44478cd20144478ce55a0049'),('f374e8aa44478cd20144478ce546001e','f374e8aa44478cd20144478ce55a004a'),('f374e8aa44478cd20144478ce546001e','f374e8aa44478cd20144478ce55a004b'),('f374e8aa44478cd20144478ce546001e','f374e8aa44478cd20144478ce55a004c'),('f374e8aa44478cd20144478ce546001e','f374e8aa44478cd20144478ce55a004d'),('f374e8aa44478d4a0144478d623d000a','f374e8aa44478d4a0144478d623d0009'),('f374e8aa44478d4a0144478d623d000a','f374e8aa44478d4a0144478d623d000e'),('f374e8aa44478d4a0144478d623d000a','f374e8aa44478d4a0144478d623d0012'),('f374e8aa44478d4a0144478d623d000a','f374e8aa44478d4a0144478d623d0016'),('f374e8aa44478d4a0144478d623d000a','f374e8aa44478d4a0144478d62420019'),('f374e8aa44478d4a0144478d623d000a','f374e8aa44478d4a0144478d6242001d'),('f374e8aa44478d4a0144478d623d000a','f374e8aa44478d4a0144478d62420022'),('f374e8aa44478d4a0144478d623d000a','f374e8aa44478d4a0144478d62420023'),('f374e8aa44478d4a0144478d623d000a','f374e8aa44478d4a0144478d62420024'),('f374e8aa44478d4a0144478d623d000a','f374e8aa44478d4a0144478d62420025'),('f374e8aa44478d4a0144478d623d000a','f374e8aa44478d4a0144478d62420026'),('f374e8aa44478d4a0144478d623d000a','f374e8aa44478d4a0144478d62420027'),('f374e8aa44478d4a0144478d623d000a','f374e8aa44478d4a0144478d62420028'),('f374e8aa44478d4a0144478d623d000a','f374e8aa44478d4a0144478d62420029'),('f374e8aa44478d4a0144478d623d000a','f374e8aa44478d4a0144478d6247002a'),('f374e8aa44478d4a0144478d623d000a','f374e8aa44478d4a0144478d6247002b'),('f374e8aa44478d4a0144478d623d000a','f374e8aa44478d4a0144478d6247002c'),('f374e8aa44478d4a0144478d623d000a','f374e8aa44478d4a0144478d6247002d'),('f374e8aa44478d4a0144478d623d000a','f374e8aa44478d4a0144478d6247002e'),('f374e8aa44478d4a0144478d623d000a','f374e8aa44478d4a0144478d6247002f'),('f374e8aa44478d4a0144478d623d000a','f374e8aa44478d4a0144478d62470030'),('f374e8aa44478d4a0144478d623d000a','f374e8aa44478d4a0144478d62470031'),('f374e8aa44478d4a0144478d623d000a','f374e8aa44478d4a0144478d62470032'),('f374e8aa44478d4a0144478d623d000a','f374e8aa44478d4a0144478d62470033'),('f374e8aa44478d4a0144478d623d000a','f374e8aa44478d4a0144478d62470034'),('f374e8aa44478d4a0144478d623d000a','f374e8aa44478d4a0144478d62470035'),('f374e8aa44478d4a0144478d623d000a','f374e8aa44478d4a0144478d62470036'),('f374e8aa44478d4a0144478d623d000a','f374e8aa44478d4a0144478d62470037'),('f374e8aa44478d4a0144478d623d000a','f374e8aa44478d4a0144478d62470038'),('f374e8aa44478d4a0144478d623d000a','f374e8aa44478d4a0144478d62470039'),('f374e8aa44478d4a0144478d623d000a','f374e8aa44478d4a0144478d6247003a'),('f374e8aa44478d4a0144478d623d000a','f374e8aa44478d4a0144478d624c003b'),('f374e8aa44478d4a0144478d623d000a','f374e8aa44478d4a0144478d624c003c'),('f374e8aa44478d4a0144478d623d000a','f374e8aa44478d4a0144478d624c003d'),('f374e8aa44478d4a0144478d623d000a','f374e8aa44478d4a0144478d624c003e'),('f374e8aa44478d4a0144478d623d000a','f374e8aa44478d4a0144478d624c003f'),('f374e8aa44478d4a0144478d623d000a','f374e8aa44478d4a0144478d624c0040'),('f374e8aa44478d4a0144478d623d000a','f374e8aa44478d4a0144478d624c0041'),('f374e8aa44478d4a0144478d623d000a','f374e8aa44478d4a0144478d624c0042'),('f374e8aa44478d4a0144478d623d000a','f374e8aa44478d4a0144478d624c0043'),('f374e8aa44478d4a0144478d623d000a','f374e8aa44478d4a0144478d624c0044'),('f374e8aa44478d4a0144478d623d000a','f374e8aa44478d4a0144478d624c0045'),('f374e8aa44478d4a0144478d623d000a','f374e8aa44478d4a0144478d624c0046'),('f374e8aa44478d4a0144478d623d000a','f374e8aa44478d4a0144478d624c0047'),('f374e8aa44478d4a0144478d623d000a','f374e8aa44478d4a0144478d624c0048'),('f374e8aa44478d4a0144478d623d000a','f374e8aa44478d4a0144478d624c0049'),('f374e8aa44478d4a0144478d623d000a','f374e8aa44478d4a0144478d624c004a'),('f374e8aa44478d4a0144478d623d000a','f374e8aa44478d4a0144478d624c004b'),('f374e8aa44478d4a0144478d623d000a','f374e8aa44478d4a0144478d624c004c'),('f374e8aa44478d4a0144478d623d000a','f374e8aa44478d4a0144478d6251004d'),('f374e8aa44478d4a0144478d623d000f','f374e8aa44478d4a0144478d623d0009'),('f374e8aa44478d4a0144478d623d000f','f374e8aa44478d4a0144478d623d000e'),('f374e8aa44478d4a0144478d623d000f','f374e8aa44478d4a0144478d623d0012'),('f374e8aa44478d4a0144478d623d000f','f374e8aa44478d4a0144478d623d0016'),('f374e8aa44478d4a0144478d623d000f','f374e8aa44478d4a0144478d62420019'),('f374e8aa44478d4a0144478d623d000f','f374e8aa44478d4a0144478d6242001d'),('f374e8aa44478d4a0144478d623d000f','f374e8aa44478d4a0144478d62420022'),('f374e8aa44478d4a0144478d623d000f','f374e8aa44478d4a0144478d62420023'),('f374e8aa44478d4a0144478d623d000f','f374e8aa44478d4a0144478d62420024'),('f374e8aa44478d4a0144478d623d000f','f374e8aa44478d4a0144478d62420025'),('f374e8aa44478d4a0144478d623d000f','f374e8aa44478d4a0144478d62420026'),('f374e8aa44478d4a0144478d623d000f','f374e8aa44478d4a0144478d62420027'),('f374e8aa44478d4a0144478d623d000f','f374e8aa44478d4a0144478d62420028'),('f374e8aa44478d4a0144478d623d000f','f374e8aa44478d4a0144478d62420029'),('f374e8aa44478d4a0144478d623d000f','f374e8aa44478d4a0144478d6247002a'),('f374e8aa44478d4a0144478d623d000f','f374e8aa44478d4a0144478d6247002b'),('f374e8aa44478d4a0144478d623d000f','f374e8aa44478d4a0144478d6247002c'),('f374e8aa44478d4a0144478d623d000f','f374e8aa44478d4a0144478d6247002d'),('f374e8aa44478d4a0144478d623d000f','f374e8aa44478d4a0144478d6247002e'),('f374e8aa44478d4a0144478d623d000f','f374e8aa44478d4a0144478d6247002f'),('f374e8aa44478d4a0144478d623d000f','f374e8aa44478d4a0144478d62470030'),('f374e8aa44478d4a0144478d623d000f','f374e8aa44478d4a0144478d62470031'),('f374e8aa44478d4a0144478d623d000f','f374e8aa44478d4a0144478d62470032'),('f374e8aa44478d4a0144478d623d000f','f374e8aa44478d4a0144478d62470033'),('f374e8aa44478d4a0144478d623d000f','f374e8aa44478d4a0144478d62470034'),('f374e8aa44478d4a0144478d623d000f','f374e8aa44478d4a0144478d62470035'),('f374e8aa44478d4a0144478d623d000f','f374e8aa44478d4a0144478d62470036'),('f374e8aa44478d4a0144478d623d000f','f374e8aa44478d4a0144478d62470037'),('f374e8aa44478d4a0144478d623d000f','f374e8aa44478d4a0144478d62470038'),('f374e8aa44478d4a0144478d623d000f','f374e8aa44478d4a0144478d62470039'),('f374e8aa44478d4a0144478d623d000f','f374e8aa44478d4a0144478d6247003a'),('f374e8aa44478d4a0144478d623d000f','f374e8aa44478d4a0144478d624c003b'),('f374e8aa44478d4a0144478d623d000f','f374e8aa44478d4a0144478d624c003c'),('f374e8aa44478d4a0144478d623d000f','f374e8aa44478d4a0144478d624c003d'),('f374e8aa44478d4a0144478d623d000f','f374e8aa44478d4a0144478d624c003e'),('f374e8aa44478d4a0144478d623d000f','f374e8aa44478d4a0144478d624c003f'),('f374e8aa44478d4a0144478d623d000f','f374e8aa44478d4a0144478d624c0040'),('f374e8aa44478d4a0144478d623d000f','f374e8aa44478d4a0144478d624c0041'),('f374e8aa44478d4a0144478d623d000f','f374e8aa44478d4a0144478d624c0042'),('f374e8aa44478d4a0144478d623d000f','f374e8aa44478d4a0144478d624c0043'),('f374e8aa44478d4a0144478d623d000f','f374e8aa44478d4a0144478d624c0044'),('f374e8aa44478d4a0144478d623d000f','f374e8aa44478d4a0144478d624c0045'),('f374e8aa44478d4a0144478d623d000f','f374e8aa44478d4a0144478d624c0046'),('f374e8aa44478d4a0144478d623d000f','f374e8aa44478d4a0144478d624c0047'),('f374e8aa44478d4a0144478d623d000f','f374e8aa44478d4a0144478d624c0048'),('f374e8aa44478d4a0144478d623d000f','f374e8aa44478d4a0144478d624c0049'),('f374e8aa44478d4a0144478d623d000f','f374e8aa44478d4a0144478d624c004a'),('f374e8aa44478d4a0144478d623d000f','f374e8aa44478d4a0144478d624c004b'),('f374e8aa44478d4a0144478d623d000f','f374e8aa44478d4a0144478d624c004c'),('f374e8aa44478d4a0144478d623d000f','f374e8aa44478d4a0144478d6251004d'),('f374e8aa44478d4a0144478d623d0013','f374e8aa44478d4a0144478d623d0009'),('f374e8aa44478d4a0144478d623d0013','f374e8aa44478d4a0144478d623d000e'),('f374e8aa44478d4a0144478d623d0013','f374e8aa44478d4a0144478d623d0012'),('f374e8aa44478d4a0144478d623d0013','f374e8aa44478d4a0144478d623d0016'),('f374e8aa44478d4a0144478d623d0013','f374e8aa44478d4a0144478d62420019'),('f374e8aa44478d4a0144478d623d0013','f374e8aa44478d4a0144478d6242001d'),('f374e8aa44478d4a0144478d623d0013','f374e8aa44478d4a0144478d62420022'),('f374e8aa44478d4a0144478d623d0013','f374e8aa44478d4a0144478d62420023'),('f374e8aa44478d4a0144478d623d0013','f374e8aa44478d4a0144478d62420024'),('f374e8aa44478d4a0144478d623d0013','f374e8aa44478d4a0144478d62420025'),('f374e8aa44478d4a0144478d623d0013','f374e8aa44478d4a0144478d62420026'),('f374e8aa44478d4a0144478d623d0013','f374e8aa44478d4a0144478d62420027'),('f374e8aa44478d4a0144478d623d0013','f374e8aa44478d4a0144478d62420028'),('f374e8aa44478d4a0144478d623d0013','f374e8aa44478d4a0144478d62420029'),('f374e8aa44478d4a0144478d623d0013','f374e8aa44478d4a0144478d6247002a'),('f374e8aa44478d4a0144478d623d0013','f374e8aa44478d4a0144478d6247002b'),('f374e8aa44478d4a0144478d623d0013','f374e8aa44478d4a0144478d6247002c'),('f374e8aa44478d4a0144478d623d0013','f374e8aa44478d4a0144478d6247002d'),('f374e8aa44478d4a0144478d623d0013','f374e8aa44478d4a0144478d6247002e'),('f374e8aa44478d4a0144478d623d0013','f374e8aa44478d4a0144478d6247002f'),('f374e8aa44478d4a0144478d623d0013','f374e8aa44478d4a0144478d62470030'),('f374e8aa44478d4a0144478d623d0013','f374e8aa44478d4a0144478d62470031'),('f374e8aa44478d4a0144478d623d0013','f374e8aa44478d4a0144478d62470032'),('f374e8aa44478d4a0144478d623d0013','f374e8aa44478d4a0144478d62470033'),('f374e8aa44478d4a0144478d623d0013','f374e8aa44478d4a0144478d62470034'),('f374e8aa44478d4a0144478d623d0013','f374e8aa44478d4a0144478d62470035'),('f374e8aa44478d4a0144478d623d0013','f374e8aa44478d4a0144478d62470036'),('f374e8aa44478d4a0144478d623d0013','f374e8aa44478d4a0144478d62470037'),('f374e8aa44478d4a0144478d623d0013','f374e8aa44478d4a0144478d62470038'),('f374e8aa44478d4a0144478d623d0013','f374e8aa44478d4a0144478d62470039'),('f374e8aa44478d4a0144478d623d0013','f374e8aa44478d4a0144478d6247003a'),('f374e8aa44478d4a0144478d623d0013','f374e8aa44478d4a0144478d624c003b'),('f374e8aa44478d4a0144478d623d0013','f374e8aa44478d4a0144478d624c003c'),('f374e8aa44478d4a0144478d623d0013','f374e8aa44478d4a0144478d624c003d'),('f374e8aa44478d4a0144478d623d0013','f374e8aa44478d4a0144478d624c003e'),('f374e8aa44478d4a0144478d623d0013','f374e8aa44478d4a0144478d624c003f'),('f374e8aa44478d4a0144478d623d0013','f374e8aa44478d4a0144478d624c0040'),('f374e8aa44478d4a0144478d623d0013','f374e8aa44478d4a0144478d624c0041'),('f374e8aa44478d4a0144478d623d0013','f374e8aa44478d4a0144478d624c0042'),('f374e8aa44478d4a0144478d623d0013','f374e8aa44478d4a0144478d624c0043'),('f374e8aa44478d4a0144478d623d0013','f374e8aa44478d4a0144478d624c0044'),('f374e8aa44478d4a0144478d623d0013','f374e8aa44478d4a0144478d624c0045'),('f374e8aa44478d4a0144478d623d0013','f374e8aa44478d4a0144478d624c0046'),('f374e8aa44478d4a0144478d623d0013','f374e8aa44478d4a0144478d624c0047'),('f374e8aa44478d4a0144478d623d0013','f374e8aa44478d4a0144478d624c0048'),('f374e8aa44478d4a0144478d623d0013','f374e8aa44478d4a0144478d624c0049'),('f374e8aa44478d4a0144478d623d0013','f374e8aa44478d4a0144478d624c004a'),('f374e8aa44478d4a0144478d623d0013','f374e8aa44478d4a0144478d624c004b'),('f374e8aa44478d4a0144478d623d0013','f374e8aa44478d4a0144478d624c004c'),('f374e8aa44478d4a0144478d623d0013','f374e8aa44478d4a0144478d6251004d'),('f374e8aa44478d4a0144478d62420017','f374e8aa44478d4a0144478d623d0009'),('f374e8aa44478d4a0144478d62420017','f374e8aa44478d4a0144478d623d000e'),('f374e8aa44478d4a0144478d62420017','f374e8aa44478d4a0144478d623d0012'),('f374e8aa44478d4a0144478d62420017','f374e8aa44478d4a0144478d623d0016'),('f374e8aa44478d4a0144478d62420017','f374e8aa44478d4a0144478d62420019'),('f374e8aa44478d4a0144478d62420017','f374e8aa44478d4a0144478d6242001d'),('f374e8aa44478d4a0144478d62420017','f374e8aa44478d4a0144478d62420022'),('f374e8aa44478d4a0144478d62420017','f374e8aa44478d4a0144478d62420023'),('f374e8aa44478d4a0144478d62420017','f374e8aa44478d4a0144478d62420024'),('f374e8aa44478d4a0144478d62420017','f374e8aa44478d4a0144478d62420025'),('f374e8aa44478d4a0144478d62420017','f374e8aa44478d4a0144478d62420026'),('f374e8aa44478d4a0144478d62420017','f374e8aa44478d4a0144478d62420027'),('f374e8aa44478d4a0144478d62420017','f374e8aa44478d4a0144478d62420028'),('f374e8aa44478d4a0144478d62420017','f374e8aa44478d4a0144478d62420029'),('f374e8aa44478d4a0144478d62420017','f374e8aa44478d4a0144478d6247002a'),('f374e8aa44478d4a0144478d62420017','f374e8aa44478d4a0144478d6247002b'),('f374e8aa44478d4a0144478d62420017','f374e8aa44478d4a0144478d6247002c'),('f374e8aa44478d4a0144478d62420017','f374e8aa44478d4a0144478d6247002d'),('f374e8aa44478d4a0144478d62420017','f374e8aa44478d4a0144478d6247002e'),('f374e8aa44478d4a0144478d62420017','f374e8aa44478d4a0144478d6247002f'),('f374e8aa44478d4a0144478d62420017','f374e8aa44478d4a0144478d62470030'),('f374e8aa44478d4a0144478d62420017','f374e8aa44478d4a0144478d62470031'),('f374e8aa44478d4a0144478d62420017','f374e8aa44478d4a0144478d62470032'),('f374e8aa44478d4a0144478d62420017','f374e8aa44478d4a0144478d62470033'),('f374e8aa44478d4a0144478d62420017','f374e8aa44478d4a0144478d62470034'),('f374e8aa44478d4a0144478d62420017','f374e8aa44478d4a0144478d62470035'),('f374e8aa44478d4a0144478d62420017','f374e8aa44478d4a0144478d62470036'),('f374e8aa44478d4a0144478d62420017','f374e8aa44478d4a0144478d62470037'),('f374e8aa44478d4a0144478d62420017','f374e8aa44478d4a0144478d62470038'),('f374e8aa44478d4a0144478d62420017','f374e8aa44478d4a0144478d62470039'),('f374e8aa44478d4a0144478d62420017','f374e8aa44478d4a0144478d6247003a'),('f374e8aa44478d4a0144478d62420017','f374e8aa44478d4a0144478d624c003b'),('f374e8aa44478d4a0144478d62420017','f374e8aa44478d4a0144478d624c003c'),('f374e8aa44478d4a0144478d62420017','f374e8aa44478d4a0144478d624c003d'),('f374e8aa44478d4a0144478d62420017','f374e8aa44478d4a0144478d624c003e'),('f374e8aa44478d4a0144478d62420017','f374e8aa44478d4a0144478d624c003f'),('f374e8aa44478d4a0144478d62420017','f374e8aa44478d4a0144478d624c0040'),('f374e8aa44478d4a0144478d62420017','f374e8aa44478d4a0144478d624c0041'),('f374e8aa44478d4a0144478d62420017','f374e8aa44478d4a0144478d624c0042'),('f374e8aa44478d4a0144478d62420017','f374e8aa44478d4a0144478d624c0043'),('f374e8aa44478d4a0144478d62420017','f374e8aa44478d4a0144478d624c0044'),('f374e8aa44478d4a0144478d62420017','f374e8aa44478d4a0144478d624c0045'),('f374e8aa44478d4a0144478d62420017','f374e8aa44478d4a0144478d624c0046'),('f374e8aa44478d4a0144478d62420017','f374e8aa44478d4a0144478d624c0047'),('f374e8aa44478d4a0144478d62420017','f374e8aa44478d4a0144478d624c0048'),('f374e8aa44478d4a0144478d62420017','f374e8aa44478d4a0144478d624c0049'),('f374e8aa44478d4a0144478d62420017','f374e8aa44478d4a0144478d624c004a'),('f374e8aa44478d4a0144478d62420017','f374e8aa44478d4a0144478d624c004b'),('f374e8aa44478d4a0144478d62420017','f374e8aa44478d4a0144478d624c004c'),('f374e8aa44478d4a0144478d62420017','f374e8aa44478d4a0144478d6251004d'),('f374e8aa44478d4a0144478d6242001a','f374e8aa44478d4a0144478d623d0009'),('f374e8aa44478d4a0144478d6242001a','f374e8aa44478d4a0144478d623d000e'),('f374e8aa44478d4a0144478d6242001a','f374e8aa44478d4a0144478d623d0012'),('f374e8aa44478d4a0144478d6242001a','f374e8aa44478d4a0144478d623d0016'),('f374e8aa44478d4a0144478d6242001a','f374e8aa44478d4a0144478d62420019'),('f374e8aa44478d4a0144478d6242001a','f374e8aa44478d4a0144478d6242001d'),('f374e8aa44478d4a0144478d6242001a','f374e8aa44478d4a0144478d62420022'),('f374e8aa44478d4a0144478d6242001a','f374e8aa44478d4a0144478d62420023'),('f374e8aa44478d4a0144478d6242001a','f374e8aa44478d4a0144478d62420024'),('f374e8aa44478d4a0144478d6242001a','f374e8aa44478d4a0144478d62420025'),('f374e8aa44478d4a0144478d6242001a','f374e8aa44478d4a0144478d62420026'),('f374e8aa44478d4a0144478d6242001a','f374e8aa44478d4a0144478d62420027'),('f374e8aa44478d4a0144478d6242001a','f374e8aa44478d4a0144478d62420028'),('f374e8aa44478d4a0144478d6242001a','f374e8aa44478d4a0144478d62420029'),('f374e8aa44478d4a0144478d6242001a','f374e8aa44478d4a0144478d6247002a'),('f374e8aa44478d4a0144478d6242001a','f374e8aa44478d4a0144478d6247002b'),('f374e8aa44478d4a0144478d6242001a','f374e8aa44478d4a0144478d6247002c'),('f374e8aa44478d4a0144478d6242001a','f374e8aa44478d4a0144478d6247002d'),('f374e8aa44478d4a0144478d6242001a','f374e8aa44478d4a0144478d6247002e'),('f374e8aa44478d4a0144478d6242001a','f374e8aa44478d4a0144478d6247002f'),('f374e8aa44478d4a0144478d6242001a','f374e8aa44478d4a0144478d62470030'),('f374e8aa44478d4a0144478d6242001a','f374e8aa44478d4a0144478d62470031'),('f374e8aa44478d4a0144478d6242001a','f374e8aa44478d4a0144478d62470032'),('f374e8aa44478d4a0144478d6242001a','f374e8aa44478d4a0144478d62470033'),('f374e8aa44478d4a0144478d6242001a','f374e8aa44478d4a0144478d62470034'),('f374e8aa44478d4a0144478d6242001a','f374e8aa44478d4a0144478d62470035'),('f374e8aa44478d4a0144478d6242001a','f374e8aa44478d4a0144478d62470036'),('f374e8aa44478d4a0144478d6242001a','f374e8aa44478d4a0144478d62470037'),('f374e8aa44478d4a0144478d6242001a','f374e8aa44478d4a0144478d62470038'),('f374e8aa44478d4a0144478d6242001a','f374e8aa44478d4a0144478d62470039'),('f374e8aa44478d4a0144478d6242001a','f374e8aa44478d4a0144478d6247003a'),('f374e8aa44478d4a0144478d6242001a','f374e8aa44478d4a0144478d624c003b'),('f374e8aa44478d4a0144478d6242001a','f374e8aa44478d4a0144478d624c003c'),('f374e8aa44478d4a0144478d6242001a','f374e8aa44478d4a0144478d624c003d'),('f374e8aa44478d4a0144478d6242001a','f374e8aa44478d4a0144478d624c003e'),('f374e8aa44478d4a0144478d6242001a','f374e8aa44478d4a0144478d624c003f'),('f374e8aa44478d4a0144478d6242001a','f374e8aa44478d4a0144478d624c0040'),('f374e8aa44478d4a0144478d6242001a','f374e8aa44478d4a0144478d624c0041'),('f374e8aa44478d4a0144478d6242001a','f374e8aa44478d4a0144478d624c0042'),('f374e8aa44478d4a0144478d6242001a','f374e8aa44478d4a0144478d624c0043'),('f374e8aa44478d4a0144478d6242001a','f374e8aa44478d4a0144478d624c0044'),('f374e8aa44478d4a0144478d6242001a','f374e8aa44478d4a0144478d624c0045'),('f374e8aa44478d4a0144478d6242001a','f374e8aa44478d4a0144478d624c0046'),('f374e8aa44478d4a0144478d6242001a','f374e8aa44478d4a0144478d624c0047'),('f374e8aa44478d4a0144478d6242001a','f374e8aa44478d4a0144478d624c0048'),('f374e8aa44478d4a0144478d6242001a','f374e8aa44478d4a0144478d624c0049'),('f374e8aa44478d4a0144478d6242001a','f374e8aa44478d4a0144478d624c004a'),('f374e8aa44478d4a0144478d6242001a','f374e8aa44478d4a0144478d624c004b'),('f374e8aa44478d4a0144478d6242001a','f374e8aa44478d4a0144478d624c004c'),('f374e8aa44478d4a0144478d6242001a','f374e8aa44478d4a0144478d6251004d'),('f374e8aa44478d4a0144478d6242001e','f374e8aa44478d4a0144478d623d0009'),('f374e8aa44478d4a0144478d6242001e','f374e8aa44478d4a0144478d623d000e'),('f374e8aa44478d4a0144478d6242001e','f374e8aa44478d4a0144478d623d0012'),('f374e8aa44478d4a0144478d6242001e','f374e8aa44478d4a0144478d623d0016'),('f374e8aa44478d4a0144478d6242001e','f374e8aa44478d4a0144478d62420019'),('f374e8aa44478d4a0144478d6242001e','f374e8aa44478d4a0144478d6242001d'),('f374e8aa44478d4a0144478d6242001e','f374e8aa44478d4a0144478d62420022'),('f374e8aa44478d4a0144478d6242001e','f374e8aa44478d4a0144478d62420023'),('f374e8aa44478d4a0144478d6242001e','f374e8aa44478d4a0144478d62420024'),('f374e8aa44478d4a0144478d6242001e','f374e8aa44478d4a0144478d62420025'),('f374e8aa44478d4a0144478d6242001e','f374e8aa44478d4a0144478d62420026'),('f374e8aa44478d4a0144478d6242001e','f374e8aa44478d4a0144478d62420027'),('f374e8aa44478d4a0144478d6242001e','f374e8aa44478d4a0144478d62420028'),('f374e8aa44478d4a0144478d6242001e','f374e8aa44478d4a0144478d62420029'),('f374e8aa44478d4a0144478d6242001e','f374e8aa44478d4a0144478d6247002a'),('f374e8aa44478d4a0144478d6242001e','f374e8aa44478d4a0144478d6247002b'),('f374e8aa44478d4a0144478d6242001e','f374e8aa44478d4a0144478d6247002c'),('f374e8aa44478d4a0144478d6242001e','f374e8aa44478d4a0144478d6247002d'),('f374e8aa44478d4a0144478d6242001e','f374e8aa44478d4a0144478d6247002e'),('f374e8aa44478d4a0144478d6242001e','f374e8aa44478d4a0144478d6247002f'),('f374e8aa44478d4a0144478d6242001e','f374e8aa44478d4a0144478d62470030'),('f374e8aa44478d4a0144478d6242001e','f374e8aa44478d4a0144478d62470031'),('f374e8aa44478d4a0144478d6242001e','f374e8aa44478d4a0144478d62470032'),('f374e8aa44478d4a0144478d6242001e','f374e8aa44478d4a0144478d62470033'),('f374e8aa44478d4a0144478d6242001e','f374e8aa44478d4a0144478d62470034'),('f374e8aa44478d4a0144478d6242001e','f374e8aa44478d4a0144478d62470035'),('f374e8aa44478d4a0144478d6242001e','f374e8aa44478d4a0144478d62470036'),('f374e8aa44478d4a0144478d6242001e','f374e8aa44478d4a0144478d62470037'),('f374e8aa44478d4a0144478d6242001e','f374e8aa44478d4a0144478d62470038'),('f374e8aa44478d4a0144478d6242001e','f374e8aa44478d4a0144478d62470039'),('f374e8aa44478d4a0144478d6242001e','f374e8aa44478d4a0144478d6247003a'),('f374e8aa44478d4a0144478d6242001e','f374e8aa44478d4a0144478d624c003b'),('f374e8aa44478d4a0144478d6242001e','f374e8aa44478d4a0144478d624c003c'),('f374e8aa44478d4a0144478d6242001e','f374e8aa44478d4a0144478d624c003d'),('f374e8aa44478d4a0144478d6242001e','f374e8aa44478d4a0144478d624c003e'),('f374e8aa44478d4a0144478d6242001e','f374e8aa44478d4a0144478d624c003f'),('f374e8aa44478d4a0144478d6242001e','f374e8aa44478d4a0144478d624c0040'),('f374e8aa44478d4a0144478d6242001e','f374e8aa44478d4a0144478d624c0041'),('f374e8aa44478d4a0144478d6242001e','f374e8aa44478d4a0144478d624c0042'),('f374e8aa44478d4a0144478d6242001e','f374e8aa44478d4a0144478d624c0043'),('f374e8aa44478d4a0144478d6242001e','f374e8aa44478d4a0144478d624c0044'),('f374e8aa44478d4a0144478d6242001e','f374e8aa44478d4a0144478d624c0045'),('f374e8aa44478d4a0144478d6242001e','f374e8aa44478d4a0144478d624c0046'),('f374e8aa44478d4a0144478d6242001e','f374e8aa44478d4a0144478d624c0047'),('f374e8aa44478d4a0144478d6242001e','f374e8aa44478d4a0144478d624c0048'),('f374e8aa44478d4a0144478d6242001e','f374e8aa44478d4a0144478d624c0049'),('f374e8aa44478d4a0144478d6242001e','f374e8aa44478d4a0144478d624c004a'),('f374e8aa44478d4a0144478d6242001e','f374e8aa44478d4a0144478d624c004b'),('f374e8aa44478d4a0144478d6242001e','f374e8aa44478d4a0144478d624c004c'),('f374e8aa44478d4a0144478d6242001e','f374e8aa44478d4a0144478d6251004d'),('f374e8aa44478d9f0144478db5e7000a','f374e8aa44478d9f0144478db5e70009'),('f374e8aa44478d9f0144478db5e7000a','f374e8aa44478d9f0144478db5ec000e'),('f374e8aa44478d9f0144478db5e7000a','f374e8aa44478d9f0144478db5ec0012'),('f374e8aa44478d9f0144478db5e7000a','f374e8aa44478d9f0144478db5ec0016'),('f374e8aa44478d9f0144478db5e7000a','f374e8aa44478d9f0144478db5ec0019'),('f374e8aa44478d9f0144478db5e7000a','f374e8aa44478d9f0144478db5ec001d'),('f374e8aa44478d9f0144478db5e7000a','f374e8aa44478d9f0144478db5f10022'),('f374e8aa44478d9f0144478db5e7000a','f374e8aa44478d9f0144478db5f10023'),('f374e8aa44478d9f0144478db5e7000a','f374e8aa44478d9f0144478db5f10024'),('f374e8aa44478d9f0144478db5e7000a','f374e8aa44478d9f0144478db5f10025'),('f374e8aa44478d9f0144478db5e7000a','f374e8aa44478d9f0144478db5f10026'),('f374e8aa44478d9f0144478db5e7000a','f374e8aa44478d9f0144478db5f10027'),('f374e8aa44478d9f0144478db5e7000a','f374e8aa44478d9f0144478db5f10028'),('f374e8aa44478d9f0144478db5e7000a','f374e8aa44478d9f0144478db5f10029'),('f374e8aa44478d9f0144478db5e7000a','f374e8aa44478d9f0144478db5f1002a'),('f374e8aa44478d9f0144478db5e7000a','f374e8aa44478d9f0144478db5f1002b'),('f374e8aa44478d9f0144478db5e7000a','f374e8aa44478d9f0144478db5f1002c'),('f374e8aa44478d9f0144478db5e7000a','f374e8aa44478d9f0144478db5f1002d'),('f374e8aa44478d9f0144478db5e7000a','f374e8aa44478d9f0144478db5f6002e'),('f374e8aa44478d9f0144478db5e7000a','f374e8aa44478d9f0144478db5f6002f'),('f374e8aa44478d9f0144478db5e7000a','f374e8aa44478d9f0144478db5f60030'),('f374e8aa44478d9f0144478db5e7000a','f374e8aa44478d9f0144478db5f60031'),('f374e8aa44478d9f0144478db5e7000a','f374e8aa44478d9f0144478db5f60032'),('f374e8aa44478d9f0144478db5e7000a','f374e8aa44478d9f0144478db5f60033'),('f374e8aa44478d9f0144478db5e7000a','f374e8aa44478d9f0144478db5f60034'),('f374e8aa44478d9f0144478db5e7000a','f374e8aa44478d9f0144478db5f60035'),('f374e8aa44478d9f0144478db5e7000a','f374e8aa44478d9f0144478db5f60036'),('f374e8aa44478d9f0144478db5e7000a','f374e8aa44478d9f0144478db5f60037'),('f374e8aa44478d9f0144478db5e7000a','f374e8aa44478d9f0144478db5f60038'),('f374e8aa44478d9f0144478db5e7000a','f374e8aa44478d9f0144478db5f60039'),('f374e8aa44478d9f0144478db5e7000a','f374e8aa44478d9f0144478db5f6003a'),('f374e8aa44478d9f0144478db5e7000a','f374e8aa44478d9f0144478db5f6003b'),('f374e8aa44478d9f0144478db5e7000a','f374e8aa44478d9f0144478db5fb003c'),('f374e8aa44478d9f0144478db5e7000a','f374e8aa44478d9f0144478db5fb003d'),('f374e8aa44478d9f0144478db5e7000a','f374e8aa44478d9f0144478db5fb003e'),('f374e8aa44478d9f0144478db5e7000a','f374e8aa44478d9f0144478db5fb003f'),('f374e8aa44478d9f0144478db5e7000a','f374e8aa44478d9f0144478db5fb0040'),('f374e8aa44478d9f0144478db5e7000a','f374e8aa44478d9f0144478db5fb0041'),('f374e8aa44478d9f0144478db5e7000a','f374e8aa44478d9f0144478db5fb0042'),('f374e8aa44478d9f0144478db5e7000a','f374e8aa44478d9f0144478db5fb0043'),('f374e8aa44478d9f0144478db5e7000a','f374e8aa44478d9f0144478db5fb0044'),('f374e8aa44478d9f0144478db5e7000a','f374e8aa44478d9f0144478db5fb0045'),('f374e8aa44478d9f0144478db5e7000a','f374e8aa44478d9f0144478db5fb0046'),('f374e8aa44478d9f0144478db5e7000a','f374e8aa44478d9f0144478db5fb0047'),('f374e8aa44478d9f0144478db5e7000a','f374e8aa44478d9f0144478db5fb0048'),('f374e8aa44478d9f0144478db5e7000a','f374e8aa44478d9f0144478db5fb0049'),('f374e8aa44478d9f0144478db5e7000a','f374e8aa44478d9f0144478db5fb004a'),('f374e8aa44478d9f0144478db5e7000a','f374e8aa44478d9f0144478db600004b'),('f374e8aa44478d9f0144478db5e7000a','f374e8aa44478d9f0144478db600004c'),('f374e8aa44478d9f0144478db5e7000a','f374e8aa44478d9f0144478db600004d'),('f374e8aa44478d9f0144478db5ec000f','f374e8aa44478d9f0144478db5e70009'),('f374e8aa44478d9f0144478db5ec000f','f374e8aa44478d9f0144478db5ec000e'),('f374e8aa44478d9f0144478db5ec000f','f374e8aa44478d9f0144478db5ec0012'),('f374e8aa44478d9f0144478db5ec000f','f374e8aa44478d9f0144478db5ec0016'),('f374e8aa44478d9f0144478db5ec000f','f374e8aa44478d9f0144478db5ec0019'),('f374e8aa44478d9f0144478db5ec000f','f374e8aa44478d9f0144478db5ec001d'),('f374e8aa44478d9f0144478db5ec000f','f374e8aa44478d9f0144478db5f10022'),('f374e8aa44478d9f0144478db5ec000f','f374e8aa44478d9f0144478db5f10023'),('f374e8aa44478d9f0144478db5ec000f','f374e8aa44478d9f0144478db5f10024'),('f374e8aa44478d9f0144478db5ec000f','f374e8aa44478d9f0144478db5f10025'),('f374e8aa44478d9f0144478db5ec000f','f374e8aa44478d9f0144478db5f10026'),('f374e8aa44478d9f0144478db5ec000f','f374e8aa44478d9f0144478db5f10027'),('f374e8aa44478d9f0144478db5ec000f','f374e8aa44478d9f0144478db5f10028'),('f374e8aa44478d9f0144478db5ec000f','f374e8aa44478d9f0144478db5f10029'),('f374e8aa44478d9f0144478db5ec000f','f374e8aa44478d9f0144478db5f1002a'),('f374e8aa44478d9f0144478db5ec000f','f374e8aa44478d9f0144478db5f1002b'),('f374e8aa44478d9f0144478db5ec000f','f374e8aa44478d9f0144478db5f1002c'),('f374e8aa44478d9f0144478db5ec000f','f374e8aa44478d9f0144478db5f1002d'),('f374e8aa44478d9f0144478db5ec000f','f374e8aa44478d9f0144478db5f6002e'),('f374e8aa44478d9f0144478db5ec000f','f374e8aa44478d9f0144478db5f6002f'),('f374e8aa44478d9f0144478db5ec000f','f374e8aa44478d9f0144478db5f60030'),('f374e8aa44478d9f0144478db5ec000f','f374e8aa44478d9f0144478db5f60031'),('f374e8aa44478d9f0144478db5ec000f','f374e8aa44478d9f0144478db5f60032'),('f374e8aa44478d9f0144478db5ec000f','f374e8aa44478d9f0144478db5f60033'),('f374e8aa44478d9f0144478db5ec000f','f374e8aa44478d9f0144478db5f60034'),('f374e8aa44478d9f0144478db5ec000f','f374e8aa44478d9f0144478db5f60035'),('f374e8aa44478d9f0144478db5ec000f','f374e8aa44478d9f0144478db5f60036'),('f374e8aa44478d9f0144478db5ec000f','f374e8aa44478d9f0144478db5f60037'),('f374e8aa44478d9f0144478db5ec000f','f374e8aa44478d9f0144478db5f60038'),('f374e8aa44478d9f0144478db5ec000f','f374e8aa44478d9f0144478db5f60039'),('f374e8aa44478d9f0144478db5ec000f','f374e8aa44478d9f0144478db5f6003a'),('f374e8aa44478d9f0144478db5ec000f','f374e8aa44478d9f0144478db5f6003b'),('f374e8aa44478d9f0144478db5ec000f','f374e8aa44478d9f0144478db5fb003c'),('f374e8aa44478d9f0144478db5ec000f','f374e8aa44478d9f0144478db5fb003d'),('f374e8aa44478d9f0144478db5ec000f','f374e8aa44478d9f0144478db5fb003e'),('f374e8aa44478d9f0144478db5ec000f','f374e8aa44478d9f0144478db5fb003f'),('f374e8aa44478d9f0144478db5ec000f','f374e8aa44478d9f0144478db5fb0040'),('f374e8aa44478d9f0144478db5ec000f','f374e8aa44478d9f0144478db5fb0041'),('f374e8aa44478d9f0144478db5ec000f','f374e8aa44478d9f0144478db5fb0042'),('f374e8aa44478d9f0144478db5ec000f','f374e8aa44478d9f0144478db5fb0043'),('f374e8aa44478d9f0144478db5ec000f','f374e8aa44478d9f0144478db5fb0044'),('f374e8aa44478d9f0144478db5ec000f','f374e8aa44478d9f0144478db5fb0045'),('f374e8aa44478d9f0144478db5ec000f','f374e8aa44478d9f0144478db5fb0046'),('f374e8aa44478d9f0144478db5ec000f','f374e8aa44478d9f0144478db5fb0047'),('f374e8aa44478d9f0144478db5ec000f','f374e8aa44478d9f0144478db5fb0048'),('f374e8aa44478d9f0144478db5ec000f','f374e8aa44478d9f0144478db5fb0049'),('f374e8aa44478d9f0144478db5ec000f','f374e8aa44478d9f0144478db5fb004a'),('f374e8aa44478d9f0144478db5ec000f','f374e8aa44478d9f0144478db600004b'),('f374e8aa44478d9f0144478db5ec000f','f374e8aa44478d9f0144478db600004c'),('f374e8aa44478d9f0144478db5ec000f','f374e8aa44478d9f0144478db600004d'),('f374e8aa44478d9f0144478db5ec0013','f374e8aa44478d9f0144478db5e70009'),('f374e8aa44478d9f0144478db5ec0013','f374e8aa44478d9f0144478db5ec000e'),('f374e8aa44478d9f0144478db5ec0013','f374e8aa44478d9f0144478db5ec0012'),('f374e8aa44478d9f0144478db5ec0013','f374e8aa44478d9f0144478db5ec0016'),('f374e8aa44478d9f0144478db5ec0013','f374e8aa44478d9f0144478db5ec0019'),('f374e8aa44478d9f0144478db5ec0013','f374e8aa44478d9f0144478db5ec001d'),('f374e8aa44478d9f0144478db5ec0013','f374e8aa44478d9f0144478db5f10022'),('f374e8aa44478d9f0144478db5ec0013','f374e8aa44478d9f0144478db5f10023'),('f374e8aa44478d9f0144478db5ec0013','f374e8aa44478d9f0144478db5f10024'),('f374e8aa44478d9f0144478db5ec0013','f374e8aa44478d9f0144478db5f10025'),('f374e8aa44478d9f0144478db5ec0013','f374e8aa44478d9f0144478db5f10026'),('f374e8aa44478d9f0144478db5ec0013','f374e8aa44478d9f0144478db5f10027'),('f374e8aa44478d9f0144478db5ec0013','f374e8aa44478d9f0144478db5f10028'),('f374e8aa44478d9f0144478db5ec0013','f374e8aa44478d9f0144478db5f10029'),('f374e8aa44478d9f0144478db5ec0013','f374e8aa44478d9f0144478db5f1002a'),('f374e8aa44478d9f0144478db5ec0013','f374e8aa44478d9f0144478db5f1002b'),('f374e8aa44478d9f0144478db5ec0013','f374e8aa44478d9f0144478db5f1002c'),('f374e8aa44478d9f0144478db5ec0013','f374e8aa44478d9f0144478db5f1002d'),('f374e8aa44478d9f0144478db5ec0013','f374e8aa44478d9f0144478db5f6002e'),('f374e8aa44478d9f0144478db5ec0013','f374e8aa44478d9f0144478db5f6002f'),('f374e8aa44478d9f0144478db5ec0013','f374e8aa44478d9f0144478db5f60030'),('f374e8aa44478d9f0144478db5ec0013','f374e8aa44478d9f0144478db5f60031'),('f374e8aa44478d9f0144478db5ec0013','f374e8aa44478d9f0144478db5f60032'),('f374e8aa44478d9f0144478db5ec0013','f374e8aa44478d9f0144478db5f60033'),('f374e8aa44478d9f0144478db5ec0013','f374e8aa44478d9f0144478db5f60034'),('f374e8aa44478d9f0144478db5ec0013','f374e8aa44478d9f0144478db5f60035'),('f374e8aa44478d9f0144478db5ec0013','f374e8aa44478d9f0144478db5f60036'),('f374e8aa44478d9f0144478db5ec0013','f374e8aa44478d9f0144478db5f60037'),('f374e8aa44478d9f0144478db5ec0013','f374e8aa44478d9f0144478db5f60038'),('f374e8aa44478d9f0144478db5ec0013','f374e8aa44478d9f0144478db5f60039'),('f374e8aa44478d9f0144478db5ec0013','f374e8aa44478d9f0144478db5f6003a'),('f374e8aa44478d9f0144478db5ec0013','f374e8aa44478d9f0144478db5f6003b'),('f374e8aa44478d9f0144478db5ec0013','f374e8aa44478d9f0144478db5fb003c'),('f374e8aa44478d9f0144478db5ec0013','f374e8aa44478d9f0144478db5fb003d'),('f374e8aa44478d9f0144478db5ec0013','f374e8aa44478d9f0144478db5fb003e'),('f374e8aa44478d9f0144478db5ec0013','f374e8aa44478d9f0144478db5fb003f'),('f374e8aa44478d9f0144478db5ec0013','f374e8aa44478d9f0144478db5fb0040'),('f374e8aa44478d9f0144478db5ec0013','f374e8aa44478d9f0144478db5fb0041'),('f374e8aa44478d9f0144478db5ec0013','f374e8aa44478d9f0144478db5fb0042'),('f374e8aa44478d9f0144478db5ec0013','f374e8aa44478d9f0144478db5fb0043'),('f374e8aa44478d9f0144478db5ec0013','f374e8aa44478d9f0144478db5fb0044'),('f374e8aa44478d9f0144478db5ec0013','f374e8aa44478d9f0144478db5fb0045'),('f374e8aa44478d9f0144478db5ec0013','f374e8aa44478d9f0144478db5fb0046'),('f374e8aa44478d9f0144478db5ec0013','f374e8aa44478d9f0144478db5fb0047'),('f374e8aa44478d9f0144478db5ec0013','f374e8aa44478d9f0144478db5fb0048'),('f374e8aa44478d9f0144478db5ec0013','f374e8aa44478d9f0144478db5fb0049'),('f374e8aa44478d9f0144478db5ec0013','f374e8aa44478d9f0144478db5fb004a'),('f374e8aa44478d9f0144478db5ec0013','f374e8aa44478d9f0144478db600004b'),('f374e8aa44478d9f0144478db5ec0013','f374e8aa44478d9f0144478db600004c'),('f374e8aa44478d9f0144478db5ec0013','f374e8aa44478d9f0144478db600004d'),('f374e8aa44478d9f0144478db5ec0017','f374e8aa44478d9f0144478db5e70009'),('f374e8aa44478d9f0144478db5ec0017','f374e8aa44478d9f0144478db5ec000e'),('f374e8aa44478d9f0144478db5ec0017','f374e8aa44478d9f0144478db5ec0012'),('f374e8aa44478d9f0144478db5ec0017','f374e8aa44478d9f0144478db5ec0016'),('f374e8aa44478d9f0144478db5ec0017','f374e8aa44478d9f0144478db5ec0019'),('f374e8aa44478d9f0144478db5ec0017','f374e8aa44478d9f0144478db5ec001d'),('f374e8aa44478d9f0144478db5ec0017','f374e8aa44478d9f0144478db5f10022'),('f374e8aa44478d9f0144478db5ec0017','f374e8aa44478d9f0144478db5f10023'),('f374e8aa44478d9f0144478db5ec0017','f374e8aa44478d9f0144478db5f10024'),('f374e8aa44478d9f0144478db5ec0017','f374e8aa44478d9f0144478db5f10025'),('f374e8aa44478d9f0144478db5ec0017','f374e8aa44478d9f0144478db5f10026'),('f374e8aa44478d9f0144478db5ec0017','f374e8aa44478d9f0144478db5f10027'),('f374e8aa44478d9f0144478db5ec0017','f374e8aa44478d9f0144478db5f10028'),('f374e8aa44478d9f0144478db5ec0017','f374e8aa44478d9f0144478db5f10029'),('f374e8aa44478d9f0144478db5ec0017','f374e8aa44478d9f0144478db5f1002a'),('f374e8aa44478d9f0144478db5ec0017','f374e8aa44478d9f0144478db5f1002b'),('f374e8aa44478d9f0144478db5ec0017','f374e8aa44478d9f0144478db5f1002c'),('f374e8aa44478d9f0144478db5ec0017','f374e8aa44478d9f0144478db5f1002d'),('f374e8aa44478d9f0144478db5ec0017','f374e8aa44478d9f0144478db5f6002e'),('f374e8aa44478d9f0144478db5ec0017','f374e8aa44478d9f0144478db5f6002f'),('f374e8aa44478d9f0144478db5ec0017','f374e8aa44478d9f0144478db5f60030'),('f374e8aa44478d9f0144478db5ec0017','f374e8aa44478d9f0144478db5f60031'),('f374e8aa44478d9f0144478db5ec0017','f374e8aa44478d9f0144478db5f60032'),('f374e8aa44478d9f0144478db5ec0017','f374e8aa44478d9f0144478db5f60033'),('f374e8aa44478d9f0144478db5ec0017','f374e8aa44478d9f0144478db5f60034'),('f374e8aa44478d9f0144478db5ec0017','f374e8aa44478d9f0144478db5f60035'),('f374e8aa44478d9f0144478db5ec0017','f374e8aa44478d9f0144478db5f60036'),('f374e8aa44478d9f0144478db5ec0017','f374e8aa44478d9f0144478db5f60037'),('f374e8aa44478d9f0144478db5ec0017','f374e8aa44478d9f0144478db5f60038'),('f374e8aa44478d9f0144478db5ec0017','f374e8aa44478d9f0144478db5f60039'),('f374e8aa44478d9f0144478db5ec0017','f374e8aa44478d9f0144478db5f6003a'),('f374e8aa44478d9f0144478db5ec0017','f374e8aa44478d9f0144478db5f6003b'),('f374e8aa44478d9f0144478db5ec0017','f374e8aa44478d9f0144478db5fb003c'),('f374e8aa44478d9f0144478db5ec0017','f374e8aa44478d9f0144478db5fb003d'),('f374e8aa44478d9f0144478db5ec0017','f374e8aa44478d9f0144478db5fb003e'),('f374e8aa44478d9f0144478db5ec0017','f374e8aa44478d9f0144478db5fb003f'),('f374e8aa44478d9f0144478db5ec0017','f374e8aa44478d9f0144478db5fb0040'),('f374e8aa44478d9f0144478db5ec0017','f374e8aa44478d9f0144478db5fb0041'),('f374e8aa44478d9f0144478db5ec0017','f374e8aa44478d9f0144478db5fb0042'),('f374e8aa44478d9f0144478db5ec0017','f374e8aa44478d9f0144478db5fb0043'),('f374e8aa44478d9f0144478db5ec0017','f374e8aa44478d9f0144478db5fb0044'),('f374e8aa44478d9f0144478db5ec0017','f374e8aa44478d9f0144478db5fb0045'),('f374e8aa44478d9f0144478db5ec0017','f374e8aa44478d9f0144478db5fb0046'),('f374e8aa44478d9f0144478db5ec0017','f374e8aa44478d9f0144478db5fb0047'),('f374e8aa44478d9f0144478db5ec0017','f374e8aa44478d9f0144478db5fb0048'),('f374e8aa44478d9f0144478db5ec0017','f374e8aa44478d9f0144478db5fb0049'),('f374e8aa44478d9f0144478db5ec0017','f374e8aa44478d9f0144478db5fb004a'),('f374e8aa44478d9f0144478db5ec0017','f374e8aa44478d9f0144478db600004b'),('f374e8aa44478d9f0144478db5ec0017','f374e8aa44478d9f0144478db600004c'),('f374e8aa44478d9f0144478db5ec0017','f374e8aa44478d9f0144478db600004d'),('f374e8aa44478d9f0144478db5ec001a','f374e8aa44478d9f0144478db5e70009'),('f374e8aa44478d9f0144478db5ec001a','f374e8aa44478d9f0144478db5ec000e'),('f374e8aa44478d9f0144478db5ec001a','f374e8aa44478d9f0144478db5ec0012'),('f374e8aa44478d9f0144478db5ec001a','f374e8aa44478d9f0144478db5ec0016'),('f374e8aa44478d9f0144478db5ec001a','f374e8aa44478d9f0144478db5ec0019'),('f374e8aa44478d9f0144478db5ec001a','f374e8aa44478d9f0144478db5ec001d'),('f374e8aa44478d9f0144478db5ec001a','f374e8aa44478d9f0144478db5f10022'),('f374e8aa44478d9f0144478db5ec001a','f374e8aa44478d9f0144478db5f10023'),('f374e8aa44478d9f0144478db5ec001a','f374e8aa44478d9f0144478db5f10024'),('f374e8aa44478d9f0144478db5ec001a','f374e8aa44478d9f0144478db5f10025'),('f374e8aa44478d9f0144478db5ec001a','f374e8aa44478d9f0144478db5f10026'),('f374e8aa44478d9f0144478db5ec001a','f374e8aa44478d9f0144478db5f10027'),('f374e8aa44478d9f0144478db5ec001a','f374e8aa44478d9f0144478db5f10028'),('f374e8aa44478d9f0144478db5ec001a','f374e8aa44478d9f0144478db5f10029'),('f374e8aa44478d9f0144478db5ec001a','f374e8aa44478d9f0144478db5f1002a'),('f374e8aa44478d9f0144478db5ec001a','f374e8aa44478d9f0144478db5f1002b'),('f374e8aa44478d9f0144478db5ec001a','f374e8aa44478d9f0144478db5f1002c'),('f374e8aa44478d9f0144478db5ec001a','f374e8aa44478d9f0144478db5f1002d'),('f374e8aa44478d9f0144478db5ec001a','f374e8aa44478d9f0144478db5f6002e'),('f374e8aa44478d9f0144478db5ec001a','f374e8aa44478d9f0144478db5f6002f'),('f374e8aa44478d9f0144478db5ec001a','f374e8aa44478d9f0144478db5f60030'),('f374e8aa44478d9f0144478db5ec001a','f374e8aa44478d9f0144478db5f60031'),('f374e8aa44478d9f0144478db5ec001a','f374e8aa44478d9f0144478db5f60032'),('f374e8aa44478d9f0144478db5ec001a','f374e8aa44478d9f0144478db5f60033'),('f374e8aa44478d9f0144478db5ec001a','f374e8aa44478d9f0144478db5f60034'),('f374e8aa44478d9f0144478db5ec001a','f374e8aa44478d9f0144478db5f60035'),('f374e8aa44478d9f0144478db5ec001a','f374e8aa44478d9f0144478db5f60036'),('f374e8aa44478d9f0144478db5ec001a','f374e8aa44478d9f0144478db5f60037'),('f374e8aa44478d9f0144478db5ec001a','f374e8aa44478d9f0144478db5f60038'),('f374e8aa44478d9f0144478db5ec001a','f374e8aa44478d9f0144478db5f60039'),('f374e8aa44478d9f0144478db5ec001a','f374e8aa44478d9f0144478db5f6003a'),('f374e8aa44478d9f0144478db5ec001a','f374e8aa44478d9f0144478db5f6003b'),('f374e8aa44478d9f0144478db5ec001a','f374e8aa44478d9f0144478db5fb003c'),('f374e8aa44478d9f0144478db5ec001a','f374e8aa44478d9f0144478db5fb003d'),('f374e8aa44478d9f0144478db5ec001a','f374e8aa44478d9f0144478db5fb003e'),('f374e8aa44478d9f0144478db5ec001a','f374e8aa44478d9f0144478db5fb003f'),('f374e8aa44478d9f0144478db5ec001a','f374e8aa44478d9f0144478db5fb0040'),('f374e8aa44478d9f0144478db5ec001a','f374e8aa44478d9f0144478db5fb0041'),('f374e8aa44478d9f0144478db5ec001a','f374e8aa44478d9f0144478db5fb0042'),('f374e8aa44478d9f0144478db5ec001a','f374e8aa44478d9f0144478db5fb0043'),('f374e8aa44478d9f0144478db5ec001a','f374e8aa44478d9f0144478db5fb0044'),('f374e8aa44478d9f0144478db5ec001a','f374e8aa44478d9f0144478db5fb0045'),('f374e8aa44478d9f0144478db5ec001a','f374e8aa44478d9f0144478db5fb0046'),('f374e8aa44478d9f0144478db5ec001a','f374e8aa44478d9f0144478db5fb0047'),('f374e8aa44478d9f0144478db5ec001a','f374e8aa44478d9f0144478db5fb0048'),('f374e8aa44478d9f0144478db5ec001a','f374e8aa44478d9f0144478db5fb0049'),('f374e8aa44478d9f0144478db5ec001a','f374e8aa44478d9f0144478db5fb004a'),('f374e8aa44478d9f0144478db5ec001a','f374e8aa44478d9f0144478db600004b'),('f374e8aa44478d9f0144478db5ec001a','f374e8aa44478d9f0144478db600004c'),('f374e8aa44478d9f0144478db5ec001a','f374e8aa44478d9f0144478db600004d'),('f374e8aa44478d9f0144478db5f1001e','f374e8aa44478d9f0144478db5e70009'),('f374e8aa44478d9f0144478db5f1001e','f374e8aa44478d9f0144478db5ec000e'),('f374e8aa44478d9f0144478db5f1001e','f374e8aa44478d9f0144478db5ec0012'),('f374e8aa44478d9f0144478db5f1001e','f374e8aa44478d9f0144478db5ec0016'),('f374e8aa44478d9f0144478db5f1001e','f374e8aa44478d9f0144478db5ec0019'),('f374e8aa44478d9f0144478db5f1001e','f374e8aa44478d9f0144478db5ec001d'),('f374e8aa44478d9f0144478db5f1001e','f374e8aa44478d9f0144478db5f10022'),('f374e8aa44478d9f0144478db5f1001e','f374e8aa44478d9f0144478db5f10023'),('f374e8aa44478d9f0144478db5f1001e','f374e8aa44478d9f0144478db5f10024'),('f374e8aa44478d9f0144478db5f1001e','f374e8aa44478d9f0144478db5f10025'),('f374e8aa44478d9f0144478db5f1001e','f374e8aa44478d9f0144478db5f10026'),('f374e8aa44478d9f0144478db5f1001e','f374e8aa44478d9f0144478db5f10027'),('f374e8aa44478d9f0144478db5f1001e','f374e8aa44478d9f0144478db5f10028'),('f374e8aa44478d9f0144478db5f1001e','f374e8aa44478d9f0144478db5f10029'),('f374e8aa44478d9f0144478db5f1001e','f374e8aa44478d9f0144478db5f1002a'),('f374e8aa44478d9f0144478db5f1001e','f374e8aa44478d9f0144478db5f1002b'),('f374e8aa44478d9f0144478db5f1001e','f374e8aa44478d9f0144478db5f1002c'),('f374e8aa44478d9f0144478db5f1001e','f374e8aa44478d9f0144478db5f1002d'),('f374e8aa44478d9f0144478db5f1001e','f374e8aa44478d9f0144478db5f6002e'),('f374e8aa44478d9f0144478db5f1001e','f374e8aa44478d9f0144478db5f6002f'),('f374e8aa44478d9f0144478db5f1001e','f374e8aa44478d9f0144478db5f60030'),('f374e8aa44478d9f0144478db5f1001e','f374e8aa44478d9f0144478db5f60031'),('f374e8aa44478d9f0144478db5f1001e','f374e8aa44478d9f0144478db5f60032'),('f374e8aa44478d9f0144478db5f1001e','f374e8aa44478d9f0144478db5f60033'),('f374e8aa44478d9f0144478db5f1001e','f374e8aa44478d9f0144478db5f60034'),('f374e8aa44478d9f0144478db5f1001e','f374e8aa44478d9f0144478db5f60035'),('f374e8aa44478d9f0144478db5f1001e','f374e8aa44478d9f0144478db5f60036'),('f374e8aa44478d9f0144478db5f1001e','f374e8aa44478d9f0144478db5f60037'),('f374e8aa44478d9f0144478db5f1001e','f374e8aa44478d9f0144478db5f60038'),('f374e8aa44478d9f0144478db5f1001e','f374e8aa44478d9f0144478db5f60039'),('f374e8aa44478d9f0144478db5f1001e','f374e8aa44478d9f0144478db5f6003a'),('f374e8aa44478d9f0144478db5f1001e','f374e8aa44478d9f0144478db5f6003b'),('f374e8aa44478d9f0144478db5f1001e','f374e8aa44478d9f0144478db5fb003c'),('f374e8aa44478d9f0144478db5f1001e','f374e8aa44478d9f0144478db5fb003d'),('f374e8aa44478d9f0144478db5f1001e','f374e8aa44478d9f0144478db5fb003e'),('f374e8aa44478d9f0144478db5f1001e','f374e8aa44478d9f0144478db5fb003f'),('f374e8aa44478d9f0144478db5f1001e','f374e8aa44478d9f0144478db5fb0040'),('f374e8aa44478d9f0144478db5f1001e','f374e8aa44478d9f0144478db5fb0041'),('f374e8aa44478d9f0144478db5f1001e','f374e8aa44478d9f0144478db5fb0042'),('f374e8aa44478d9f0144478db5f1001e','f374e8aa44478d9f0144478db5fb0043'),('f374e8aa44478d9f0144478db5f1001e','f374e8aa44478d9f0144478db5fb0044'),('f374e8aa44478d9f0144478db5f1001e','f374e8aa44478d9f0144478db5fb0045'),('f374e8aa44478d9f0144478db5f1001e','f374e8aa44478d9f0144478db5fb0046'),('f374e8aa44478d9f0144478db5f1001e','f374e8aa44478d9f0144478db5fb0047'),('f374e8aa44478d9f0144478db5f1001e','f374e8aa44478d9f0144478db5fb0048'),('f374e8aa44478d9f0144478db5f1001e','f374e8aa44478d9f0144478db5fb0049'),('f374e8aa44478d9f0144478db5f1001e','f374e8aa44478d9f0144478db5fb004a'),('f374e8aa44478d9f0144478db5f1001e','f374e8aa44478d9f0144478db600004b'),('f374e8aa44478d9f0144478db5f1001e','f374e8aa44478d9f0144478db600004c'),('f374e8aa44478d9f0144478db5f1001e','f374e8aa44478d9f0144478db600004d'),('f374e8aa44478e350144478e4596000a','f374e8aa44478e350144478e45960009'),('f374e8aa44478e350144478e4596000a','f374e8aa44478e350144478e4596000e'),('f374e8aa44478e350144478e4596000a','f374e8aa44478e350144478e45960012'),('f374e8aa44478e350144478e4596000a','f374e8aa44478e350144478e45960016'),('f374e8aa44478e350144478e4596000a','f374e8aa44478e350144478e45960019'),('f374e8aa44478e350144478e4596000a','f374e8aa44478e350144478e459b001d'),('f374e8aa44478e350144478e4596000a','f374e8aa44478e350144478e459b0022'),('f374e8aa44478e350144478e4596000a','f374e8aa44478e350144478e459b0023'),('f374e8aa44478e350144478e4596000a','f374e8aa44478e350144478e459b0024'),('f374e8aa44478e350144478e4596000a','f374e8aa44478e350144478e459b0025'),('f374e8aa44478e350144478e4596000a','f374e8aa44478e350144478e459b0026'),('f374e8aa44478e350144478e4596000a','f374e8aa44478e350144478e459b0027'),('f374e8aa44478e350144478e4596000a','f374e8aa44478e350144478e459b0028'),('f374e8aa44478e350144478e4596000a','f374e8aa44478e350144478e459b0029'),('f374e8aa44478e350144478e4596000a','f374e8aa44478e350144478e459b002a'),('f374e8aa44478e350144478e4596000a','f374e8aa44478e350144478e459b002b'),('f374e8aa44478e350144478e4596000a','f374e8aa44478e350144478e45a0002c'),('f374e8aa44478e350144478e4596000a','f374e8aa44478e350144478e45a0002d'),('f374e8aa44478e350144478e4596000a','f374e8aa44478e350144478e45a0002e'),('f374e8aa44478e350144478e4596000a','f374e8aa44478e350144478e45a0002f'),('f374e8aa44478e350144478e4596000a','f374e8aa44478e350144478e45a00030'),('f374e8aa44478e350144478e4596000a','f374e8aa44478e350144478e45a00031'),('f374e8aa44478e350144478e4596000a','f374e8aa44478e350144478e45a00032'),('f374e8aa44478e350144478e4596000a','f374e8aa44478e350144478e45a00033'),('f374e8aa44478e350144478e4596000a','f374e8aa44478e350144478e45a00034'),('f374e8aa44478e350144478e4596000a','f374e8aa44478e350144478e45a00035'),('f374e8aa44478e350144478e4596000a','f374e8aa44478e350144478e45a00036'),('f374e8aa44478e350144478e4596000a','f374e8aa44478e350144478e45a00037'),('f374e8aa44478e350144478e4596000a','f374e8aa44478e350144478e45a00038'),('f374e8aa44478e350144478e4596000a','f374e8aa44478e350144478e45a50039'),('f374e8aa44478e350144478e4596000a','f374e8aa44478e350144478e45a5003a'),('f374e8aa44478e350144478e4596000a','f374e8aa44478e350144478e45a5003b'),('f374e8aa44478e350144478e4596000a','f374e8aa44478e350144478e45a5003c'),('f374e8aa44478e350144478e4596000a','f374e8aa44478e350144478e45a5003d'),('f374e8aa44478e350144478e4596000a','f374e8aa44478e350144478e45a5003e'),('f374e8aa44478e350144478e4596000a','f374e8aa44478e350144478e45a5003f'),('f374e8aa44478e350144478e4596000a','f374e8aa44478e350144478e45a50040'),('f374e8aa44478e350144478e4596000a','f374e8aa44478e350144478e45a50041'),('f374e8aa44478e350144478e4596000a','f374e8aa44478e350144478e45a50042'),('f374e8aa44478e350144478e4596000a','f374e8aa44478e350144478e45a50043'),('f374e8aa44478e350144478e4596000a','f374e8aa44478e350144478e45a50044'),('f374e8aa44478e350144478e4596000a','f374e8aa44478e350144478e45a50045'),('f374e8aa44478e350144478e4596000a','f374e8aa44478e350144478e45a50046'),('f374e8aa44478e350144478e4596000a','f374e8aa44478e350144478e45a50047'),('f374e8aa44478e350144478e4596000a','f374e8aa44478e350144478e45aa0048'),('f374e8aa44478e350144478e4596000a','f374e8aa44478e350144478e45aa0049'),('f374e8aa44478e350144478e4596000a','f374e8aa44478e350144478e45aa004a'),('f374e8aa44478e350144478e4596000a','f374e8aa44478e350144478e45aa004b'),('f374e8aa44478e350144478e4596000a','f374e8aa44478e350144478e45aa004c'),('f374e8aa44478e350144478e4596000a','f374e8aa44478e350144478e45aa004d'),('f374e8aa44478e350144478e4596000f','f374e8aa44478e350144478e45960009'),('f374e8aa44478e350144478e4596000f','f374e8aa44478e350144478e4596000e'),('f374e8aa44478e350144478e4596000f','f374e8aa44478e350144478e45960012'),('f374e8aa44478e350144478e4596000f','f374e8aa44478e350144478e45960016'),('f374e8aa44478e350144478e4596000f','f374e8aa44478e350144478e45960019'),('f374e8aa44478e350144478e4596000f','f374e8aa44478e350144478e459b001d'),('f374e8aa44478e350144478e4596000f','f374e8aa44478e350144478e459b0022'),('f374e8aa44478e350144478e4596000f','f374e8aa44478e350144478e459b0023'),('f374e8aa44478e350144478e4596000f','f374e8aa44478e350144478e459b0024'),('f374e8aa44478e350144478e4596000f','f374e8aa44478e350144478e459b0025'),('f374e8aa44478e350144478e4596000f','f374e8aa44478e350144478e459b0026'),('f374e8aa44478e350144478e4596000f','f374e8aa44478e350144478e459b0027'),('f374e8aa44478e350144478e4596000f','f374e8aa44478e350144478e459b0028'),('f374e8aa44478e350144478e4596000f','f374e8aa44478e350144478e459b0029'),('f374e8aa44478e350144478e4596000f','f374e8aa44478e350144478e459b002a'),('f374e8aa44478e350144478e4596000f','f374e8aa44478e350144478e459b002b'),('f374e8aa44478e350144478e4596000f','f374e8aa44478e350144478e45a0002c'),('f374e8aa44478e350144478e4596000f','f374e8aa44478e350144478e45a0002d'),('f374e8aa44478e350144478e4596000f','f374e8aa44478e350144478e45a0002e'),('f374e8aa44478e350144478e4596000f','f374e8aa44478e350144478e45a0002f'),('f374e8aa44478e350144478e4596000f','f374e8aa44478e350144478e45a00030'),('f374e8aa44478e350144478e4596000f','f374e8aa44478e350144478e45a00031'),('f374e8aa44478e350144478e4596000f','f374e8aa44478e350144478e45a00032'),('f374e8aa44478e350144478e4596000f','f374e8aa44478e350144478e45a00033'),('f374e8aa44478e350144478e4596000f','f374e8aa44478e350144478e45a00034'),('f374e8aa44478e350144478e4596000f','f374e8aa44478e350144478e45a00035'),('f374e8aa44478e350144478e4596000f','f374e8aa44478e350144478e45a00036'),('f374e8aa44478e350144478e4596000f','f374e8aa44478e350144478e45a00037'),('f374e8aa44478e350144478e4596000f','f374e8aa44478e350144478e45a00038'),('f374e8aa44478e350144478e4596000f','f374e8aa44478e350144478e45a50039'),('f374e8aa44478e350144478e4596000f','f374e8aa44478e350144478e45a5003a'),('f374e8aa44478e350144478e4596000f','f374e8aa44478e350144478e45a5003b'),('f374e8aa44478e350144478e4596000f','f374e8aa44478e350144478e45a5003c'),('f374e8aa44478e350144478e4596000f','f374e8aa44478e350144478e45a5003d'),('f374e8aa44478e350144478e4596000f','f374e8aa44478e350144478e45a5003e'),('f374e8aa44478e350144478e4596000f','f374e8aa44478e350144478e45a5003f'),('f374e8aa44478e350144478e4596000f','f374e8aa44478e350144478e45a50040'),('f374e8aa44478e350144478e4596000f','f374e8aa44478e350144478e45a50041'),('f374e8aa44478e350144478e4596000f','f374e8aa44478e350144478e45a50042'),('f374e8aa44478e350144478e4596000f','f374e8aa44478e350144478e45a50043'),('f374e8aa44478e350144478e4596000f','f374e8aa44478e350144478e45a50044'),('f374e8aa44478e350144478e4596000f','f374e8aa44478e350144478e45a50045'),('f374e8aa44478e350144478e4596000f','f374e8aa44478e350144478e45a50046'),('f374e8aa44478e350144478e4596000f','f374e8aa44478e350144478e45a50047'),('f374e8aa44478e350144478e4596000f','f374e8aa44478e350144478e45aa0048'),('f374e8aa44478e350144478e4596000f','f374e8aa44478e350144478e45aa0049'),('f374e8aa44478e350144478e4596000f','f374e8aa44478e350144478e45aa004a'),('f374e8aa44478e350144478e4596000f','f374e8aa44478e350144478e45aa004b'),('f374e8aa44478e350144478e4596000f','f374e8aa44478e350144478e45aa004c'),('f374e8aa44478e350144478e4596000f','f374e8aa44478e350144478e45aa004d'),('f374e8aa44478e350144478e45960013','f374e8aa44478e350144478e45960009'),('f374e8aa44478e350144478e45960013','f374e8aa44478e350144478e4596000e'),('f374e8aa44478e350144478e45960013','f374e8aa44478e350144478e45960012'),('f374e8aa44478e350144478e45960013','f374e8aa44478e350144478e45960016'),('f374e8aa44478e350144478e45960013','f374e8aa44478e350144478e45960019'),('f374e8aa44478e350144478e45960013','f374e8aa44478e350144478e459b001d'),('f374e8aa44478e350144478e45960013','f374e8aa44478e350144478e459b0022'),('f374e8aa44478e350144478e45960013','f374e8aa44478e350144478e459b0023'),('f374e8aa44478e350144478e45960013','f374e8aa44478e350144478e459b0024'),('f374e8aa44478e350144478e45960013','f374e8aa44478e350144478e459b0025'),('f374e8aa44478e350144478e45960013','f374e8aa44478e350144478e459b0026'),('f374e8aa44478e350144478e45960013','f374e8aa44478e350144478e459b0027'),('f374e8aa44478e350144478e45960013','f374e8aa44478e350144478e459b0028'),('f374e8aa44478e350144478e45960013','f374e8aa44478e350144478e459b0029'),('f374e8aa44478e350144478e45960013','f374e8aa44478e350144478e459b002a'),('f374e8aa44478e350144478e45960013','f374e8aa44478e350144478e459b002b'),('f374e8aa44478e350144478e45960013','f374e8aa44478e350144478e45a0002c'),('f374e8aa44478e350144478e45960013','f374e8aa44478e350144478e45a0002d'),('f374e8aa44478e350144478e45960013','f374e8aa44478e350144478e45a0002e'),('f374e8aa44478e350144478e45960013','f374e8aa44478e350144478e45a0002f'),('f374e8aa44478e350144478e45960013','f374e8aa44478e350144478e45a00030'),('f374e8aa44478e350144478e45960013','f374e8aa44478e350144478e45a00031'),('f374e8aa44478e350144478e45960013','f374e8aa44478e350144478e45a00032'),('f374e8aa44478e350144478e45960013','f374e8aa44478e350144478e45a00033'),('f374e8aa44478e350144478e45960013','f374e8aa44478e350144478e45a00034'),('f374e8aa44478e350144478e45960013','f374e8aa44478e350144478e45a00035'),('f374e8aa44478e350144478e45960013','f374e8aa44478e350144478e45a00036'),('f374e8aa44478e350144478e45960013','f374e8aa44478e350144478e45a00037'),('f374e8aa44478e350144478e45960013','f374e8aa44478e350144478e45a00038'),('f374e8aa44478e350144478e45960013','f374e8aa44478e350144478e45a50039'),('f374e8aa44478e350144478e45960013','f374e8aa44478e350144478e45a5003a'),('f374e8aa44478e350144478e45960013','f374e8aa44478e350144478e45a5003b'),('f374e8aa44478e350144478e45960013','f374e8aa44478e350144478e45a5003c'),('f374e8aa44478e350144478e45960013','f374e8aa44478e350144478e45a5003d'),('f374e8aa44478e350144478e45960013','f374e8aa44478e350144478e45a5003e'),('f374e8aa44478e350144478e45960013','f374e8aa44478e350144478e45a5003f'),('f374e8aa44478e350144478e45960013','f374e8aa44478e350144478e45a50040'),('f374e8aa44478e350144478e45960013','f374e8aa44478e350144478e45a50041'),('f374e8aa44478e350144478e45960013','f374e8aa44478e350144478e45a50042'),('f374e8aa44478e350144478e45960013','f374e8aa44478e350144478e45a50043'),('f374e8aa44478e350144478e45960013','f374e8aa44478e350144478e45a50044'),('f374e8aa44478e350144478e45960013','f374e8aa44478e350144478e45a50045'),('f374e8aa44478e350144478e45960013','f374e8aa44478e350144478e45a50046'),('f374e8aa44478e350144478e45960013','f374e8aa44478e350144478e45a50047'),('f374e8aa44478e350144478e45960013','f374e8aa44478e350144478e45aa0048'),('f374e8aa44478e350144478e45960013','f374e8aa44478e350144478e45aa0049'),('f374e8aa44478e350144478e45960013','f374e8aa44478e350144478e45aa004a'),('f374e8aa44478e350144478e45960013','f374e8aa44478e350144478e45aa004b'),('f374e8aa44478e350144478e45960013','f374e8aa44478e350144478e45aa004c'),('f374e8aa44478e350144478e45960013','f374e8aa44478e350144478e45aa004d'),('f374e8aa44478e350144478e45960017','f374e8aa44478e350144478e45960009'),('f374e8aa44478e350144478e45960017','f374e8aa44478e350144478e4596000e'),('f374e8aa44478e350144478e45960017','f374e8aa44478e350144478e45960012'),('f374e8aa44478e350144478e45960017','f374e8aa44478e350144478e45960016'),('f374e8aa44478e350144478e45960017','f374e8aa44478e350144478e45960019'),('f374e8aa44478e350144478e45960017','f374e8aa44478e350144478e459b001d'),('f374e8aa44478e350144478e45960017','f374e8aa44478e350144478e459b0022'),('f374e8aa44478e350144478e45960017','f374e8aa44478e350144478e459b0023'),('f374e8aa44478e350144478e45960017','f374e8aa44478e350144478e459b0024'),('f374e8aa44478e350144478e45960017','f374e8aa44478e350144478e459b0025'),('f374e8aa44478e350144478e45960017','f374e8aa44478e350144478e459b0026'),('f374e8aa44478e350144478e45960017','f374e8aa44478e350144478e459b0027'),('f374e8aa44478e350144478e45960017','f374e8aa44478e350144478e459b0028'),('f374e8aa44478e350144478e45960017','f374e8aa44478e350144478e459b0029'),('f374e8aa44478e350144478e45960017','f374e8aa44478e350144478e459b002a'),('f374e8aa44478e350144478e45960017','f374e8aa44478e350144478e459b002b'),('f374e8aa44478e350144478e45960017','f374e8aa44478e350144478e45a0002c'),('f374e8aa44478e350144478e45960017','f374e8aa44478e350144478e45a0002d'),('f374e8aa44478e350144478e45960017','f374e8aa44478e350144478e45a0002e'),('f374e8aa44478e350144478e45960017','f374e8aa44478e350144478e45a0002f'),('f374e8aa44478e350144478e45960017','f374e8aa44478e350144478e45a00030'),('f374e8aa44478e350144478e45960017','f374e8aa44478e350144478e45a00031'),('f374e8aa44478e350144478e45960017','f374e8aa44478e350144478e45a00032'),('f374e8aa44478e350144478e45960017','f374e8aa44478e350144478e45a00033'),('f374e8aa44478e350144478e45960017','f374e8aa44478e350144478e45a00034'),('f374e8aa44478e350144478e45960017','f374e8aa44478e350144478e45a00035'),('f374e8aa44478e350144478e45960017','f374e8aa44478e350144478e45a00036'),('f374e8aa44478e350144478e45960017','f374e8aa44478e350144478e45a00037'),('f374e8aa44478e350144478e45960017','f374e8aa44478e350144478e45a00038'),('f374e8aa44478e350144478e45960017','f374e8aa44478e350144478e45a50039'),('f374e8aa44478e350144478e45960017','f374e8aa44478e350144478e45a5003a'),('f374e8aa44478e350144478e45960017','f374e8aa44478e350144478e45a5003b'),('f374e8aa44478e350144478e45960017','f374e8aa44478e350144478e45a5003c'),('f374e8aa44478e350144478e45960017','f374e8aa44478e350144478e45a5003d'),('f374e8aa44478e350144478e45960017','f374e8aa44478e350144478e45a5003e'),('f374e8aa44478e350144478e45960017','f374e8aa44478e350144478e45a5003f'),('f374e8aa44478e350144478e45960017','f374e8aa44478e350144478e45a50040'),('f374e8aa44478e350144478e45960017','f374e8aa44478e350144478e45a50041'),('f374e8aa44478e350144478e45960017','f374e8aa44478e350144478e45a50042'),('f374e8aa44478e350144478e45960017','f374e8aa44478e350144478e45a50043'),('f374e8aa44478e350144478e45960017','f374e8aa44478e350144478e45a50044'),('f374e8aa44478e350144478e45960017','f374e8aa44478e350144478e45a50045'),('f374e8aa44478e350144478e45960017','f374e8aa44478e350144478e45a50046'),('f374e8aa44478e350144478e45960017','f374e8aa44478e350144478e45a50047'),('f374e8aa44478e350144478e45960017','f374e8aa44478e350144478e45aa0048'),('f374e8aa44478e350144478e45960017','f374e8aa44478e350144478e45aa0049'),('f374e8aa44478e350144478e45960017','f374e8aa44478e350144478e45aa004a'),('f374e8aa44478e350144478e45960017','f374e8aa44478e350144478e45aa004b'),('f374e8aa44478e350144478e45960017','f374e8aa44478e350144478e45aa004c'),('f374e8aa44478e350144478e45960017','f374e8aa44478e350144478e45aa004d'),('f374e8aa44478e350144478e459b001a','f374e8aa44478e350144478e45960009'),('f374e8aa44478e350144478e459b001a','f374e8aa44478e350144478e4596000e'),('f374e8aa44478e350144478e459b001a','f374e8aa44478e350144478e45960012'),('f374e8aa44478e350144478e459b001a','f374e8aa44478e350144478e45960016'),('f374e8aa44478e350144478e459b001a','f374e8aa44478e350144478e45960019'),('f374e8aa44478e350144478e459b001a','f374e8aa44478e350144478e459b001d'),('f374e8aa44478e350144478e459b001a','f374e8aa44478e350144478e459b0022'),('f374e8aa44478e350144478e459b001a','f374e8aa44478e350144478e459b0023'),('f374e8aa44478e350144478e459b001a','f374e8aa44478e350144478e459b0024'),('f374e8aa44478e350144478e459b001a','f374e8aa44478e350144478e459b0025'),('f374e8aa44478e350144478e459b001a','f374e8aa44478e350144478e459b0026'),('f374e8aa44478e350144478e459b001a','f374e8aa44478e350144478e459b0027'),('f374e8aa44478e350144478e459b001a','f374e8aa44478e350144478e459b0028'),('f374e8aa44478e350144478e459b001a','f374e8aa44478e350144478e459b0029'),('f374e8aa44478e350144478e459b001a','f374e8aa44478e350144478e459b002a'),('f374e8aa44478e350144478e459b001a','f374e8aa44478e350144478e459b002b'),('f374e8aa44478e350144478e459b001a','f374e8aa44478e350144478e45a0002c'),('f374e8aa44478e350144478e459b001a','f374e8aa44478e350144478e45a0002d'),('f374e8aa44478e350144478e459b001a','f374e8aa44478e350144478e45a0002e'),('f374e8aa44478e350144478e459b001a','f374e8aa44478e350144478e45a0002f'),('f374e8aa44478e350144478e459b001a','f374e8aa44478e350144478e45a00030'),('f374e8aa44478e350144478e459b001a','f374e8aa44478e350144478e45a00031'),('f374e8aa44478e350144478e459b001a','f374e8aa44478e350144478e45a00032'),('f374e8aa44478e350144478e459b001a','f374e8aa44478e350144478e45a00033'),('f374e8aa44478e350144478e459b001a','f374e8aa44478e350144478e45a00034'),('f374e8aa44478e350144478e459b001a','f374e8aa44478e350144478e45a00035'),('f374e8aa44478e350144478e459b001a','f374e8aa44478e350144478e45a00036'),('f374e8aa44478e350144478e459b001a','f374e8aa44478e350144478e45a00037'),('f374e8aa44478e350144478e459b001a','f374e8aa44478e350144478e45a00038'),('f374e8aa44478e350144478e459b001a','f374e8aa44478e350144478e45a50039'),('f374e8aa44478e350144478e459b001a','f374e8aa44478e350144478e45a5003a'),('f374e8aa44478e350144478e459b001a','f374e8aa44478e350144478e45a5003b'),('f374e8aa44478e350144478e459b001a','f374e8aa44478e350144478e45a5003c'),('f374e8aa44478e350144478e459b001a','f374e8aa44478e350144478e45a5003d'),('f374e8aa44478e350144478e459b001a','f374e8aa44478e350144478e45a5003e'),('f374e8aa44478e350144478e459b001a','f374e8aa44478e350144478e45a5003f'),('f374e8aa44478e350144478e459b001a','f374e8aa44478e350144478e45a50040'),('f374e8aa44478e350144478e459b001a','f374e8aa44478e350144478e45a50041'),('f374e8aa44478e350144478e459b001a','f374e8aa44478e350144478e45a50042'),('f374e8aa44478e350144478e459b001a','f374e8aa44478e350144478e45a50043'),('f374e8aa44478e350144478e459b001a','f374e8aa44478e350144478e45a50044'),('f374e8aa44478e350144478e459b001a','f374e8aa44478e350144478e45a50045'),('f374e8aa44478e350144478e459b001a','f374e8aa44478e350144478e45a50046'),('f374e8aa44478e350144478e459b001a','f374e8aa44478e350144478e45a50047'),('f374e8aa44478e350144478e459b001a','f374e8aa44478e350144478e45aa0048'),('f374e8aa44478e350144478e459b001a','f374e8aa44478e350144478e45aa0049'),('f374e8aa44478e350144478e459b001a','f374e8aa44478e350144478e45aa004a'),('f374e8aa44478e350144478e459b001a','f374e8aa44478e350144478e45aa004b'),('f374e8aa44478e350144478e459b001a','f374e8aa44478e350144478e45aa004c'),('f374e8aa44478e350144478e459b001a','f374e8aa44478e350144478e45aa004d'),('f374e8aa44478e350144478e459b001e','f374e8aa44478e350144478e45960009'),('f374e8aa44478e350144478e459b001e','f374e8aa44478e350144478e4596000e'),('f374e8aa44478e350144478e459b001e','f374e8aa44478e350144478e45960012'),('f374e8aa44478e350144478e459b001e','f374e8aa44478e350144478e45960016'),('f374e8aa44478e350144478e459b001e','f374e8aa44478e350144478e45960019'),('f374e8aa44478e350144478e459b001e','f374e8aa44478e350144478e459b001d'),('f374e8aa44478e350144478e459b001e','f374e8aa44478e350144478e459b0022'),('f374e8aa44478e350144478e459b001e','f374e8aa44478e350144478e459b0023'),('f374e8aa44478e350144478e459b001e','f374e8aa44478e350144478e459b0024'),('f374e8aa44478e350144478e459b001e','f374e8aa44478e350144478e459b0025'),('f374e8aa44478e350144478e459b001e','f374e8aa44478e350144478e459b0026'),('f374e8aa44478e350144478e459b001e','f374e8aa44478e350144478e459b0027'),('f374e8aa44478e350144478e459b001e','f374e8aa44478e350144478e459b0028'),('f374e8aa44478e350144478e459b001e','f374e8aa44478e350144478e459b0029'),('f374e8aa44478e350144478e459b001e','f374e8aa44478e350144478e459b002a'),('f374e8aa44478e350144478e459b001e','f374e8aa44478e350144478e459b002b'),('f374e8aa44478e350144478e459b001e','f374e8aa44478e350144478e45a0002c'),('f374e8aa44478e350144478e459b001e','f374e8aa44478e350144478e45a0002d'),('f374e8aa44478e350144478e459b001e','f374e8aa44478e350144478e45a0002e'),('f374e8aa44478e350144478e459b001e','f374e8aa44478e350144478e45a0002f'),('f374e8aa44478e350144478e459b001e','f374e8aa44478e350144478e45a00030'),('f374e8aa44478e350144478e459b001e','f374e8aa44478e350144478e45a00031'),('f374e8aa44478e350144478e459b001e','f374e8aa44478e350144478e45a00032'),('f374e8aa44478e350144478e459b001e','f374e8aa44478e350144478e45a00033'),('f374e8aa44478e350144478e459b001e','f374e8aa44478e350144478e45a00034'),('f374e8aa44478e350144478e459b001e','f374e8aa44478e350144478e45a00035'),('f374e8aa44478e350144478e459b001e','f374e8aa44478e350144478e45a00036'),('f374e8aa44478e350144478e459b001e','f374e8aa44478e350144478e45a00037'),('f374e8aa44478e350144478e459b001e','f374e8aa44478e350144478e45a00038'),('f374e8aa44478e350144478e459b001e','f374e8aa44478e350144478e45a50039'),('f374e8aa44478e350144478e459b001e','f374e8aa44478e350144478e45a5003a'),('f374e8aa44478e350144478e459b001e','f374e8aa44478e350144478e45a5003b'),('f374e8aa44478e350144478e459b001e','f374e8aa44478e350144478e45a5003c'),('f374e8aa44478e350144478e459b001e','f374e8aa44478e350144478e45a5003d'),('f374e8aa44478e350144478e459b001e','f374e8aa44478e350144478e45a5003e'),('f374e8aa44478e350144478e459b001e','f374e8aa44478e350144478e45a5003f'),('f374e8aa44478e350144478e459b001e','f374e8aa44478e350144478e45a50040'),('f374e8aa44478e350144478e459b001e','f374e8aa44478e350144478e45a50041'),('f374e8aa44478e350144478e459b001e','f374e8aa44478e350144478e45a50042'),('f374e8aa44478e350144478e459b001e','f374e8aa44478e350144478e45a50043'),('f374e8aa44478e350144478e459b001e','f374e8aa44478e350144478e45a50044'),('f374e8aa44478e350144478e459b001e','f374e8aa44478e350144478e45a50045'),('f374e8aa44478e350144478e459b001e','f374e8aa44478e350144478e45a50046'),('f374e8aa44478e350144478e459b001e','f374e8aa44478e350144478e45a50047'),('f374e8aa44478e350144478e459b001e','f374e8aa44478e350144478e45aa0048'),('f374e8aa44478e350144478e459b001e','f374e8aa44478e350144478e45aa0049'),('f374e8aa44478e350144478e459b001e','f374e8aa44478e350144478e45aa004a'),('f374e8aa44478e350144478e459b001e','f374e8aa44478e350144478e45aa004b'),('f374e8aa44478e350144478e459b001e','f374e8aa44478e350144478e45aa004c'),('f374e8aa44478e350144478e459b001e','f374e8aa44478e350144478e45aa004d');

/*Table structure for table `user` */

DROP TABLE IF EXISTS `user`;

CREATE TABLE `user` (
  `id` bigint(20) NOT NULL AUTO_INCREMENT,
  `name` varchar(16) NOT NULL,
  `password` varchar(80) NOT NULL,
  PRIMARY KEY (`id`),
  UNIQUE KEY `UK_syftr7gx86fwf7ox7bgvnnta7` (`name`)
) ENGINE=InnoDB DEFAULT CHARSET=utf8;

/*Data for the table `user` */

/*Table structure for table `user_roles` */

DROP TABLE IF EXISTS `user_roles`;

CREATE TABLE `user_roles` (
  `User_id` bigint(20) NOT NULL,
  `roles` int(11) DEFAULT NULL,
  KEY `FK_9npctppqlup1uag8ek04qpmie` (`User_id`),
  CONSTRAINT `FK_9npctppqlup1uag8ek04qpmie` FOREIGN KEY (`User_id`) REFERENCES `user` (`id`)
) ENGINE=InnoDB DEFAULT CHARSET=utf8;

/*Data for the table `user_roles` */

/*!40101 SET SQL_MODE=@OLD_SQL_MODE */;
/*!40014 SET UNIQUE_CHECKS=@OLD_UNIQUE_CHECKS */;
/*!40111 SET SQL_NOTES=@OLD_SQL_NOTES */;
